Year,PopDensity,PopSexRatio,MedianAgePop,PopGrowthRate,Births,Deaths,DeathsMale,DeathsFemale,NetMigrations,Country_ID
2015,413.3776,98.3798,15.6299,1.109,448.194,92.775,49.285,43.49,-236.447,22
2016,420.1668,98.406,15.2445,2.141,432.48,89.609,46.858,42.751,-109.49,22
2017,429.888,98.4556,15.0911,2.431,426.555,86.959,45.663,41.296,-68.45,22
2018,442.9084,98.5103,15.1473,3.521,424.108,87.635,46.196,41.439,68.145,22
2019,457.6045,98.5573,15.3081,3.016,431.143,87.264,46.457,40.806,14.241,22
2020,470.9143,98.5857,15.4383,2.722,435.303,92.462,49.354,43.108,-10.186,22
2021,483.6691,98.6131,15.5807,2.624,437.599,93.864,49.691,44.173,-14.415,22
2022,496.7082,98.648,15.766,2.695,439.648,94.241,49.766,44.475,2.0,22
2015,392.378,100.4528,18.576,2.164,23.498,6.348,3.499,2.849,-1.349,31
2016,400.9844,100.4744,18.7864,2.175,23.717,6.36,3.479,2.882,-1.136,31
2017,409.2767,100.5537,19.0361,1.921,23.911,6.354,3.513,2.841,-2.922,31
2018,417.1486,100.6927,19.3273,1.889,24.003,6.405,3.53,2.874,-2.919,31
2019,425.0328,100.8292,19.613,1.856,24.092,6.5,3.576,2.924,-2.917,31
2020,433.1897,100.9071,19.8594,1.945,24.128,6.678,3.716,2.962,-1.772,31
2021,441.4968,100.9245,20.0606,1.855,24.18,7.171,3.978,3.193,-1.772,31
2022,449.6365,100.9463,20.2612,1.799,24.201,7.145,3.951,3.194,-2.0,31
2015,43.4107,98.9531,22.1362,1.7,24.018,8.644,4.693,3.952,1.723,38
2016,44.1442,98.9121,22.4086,1.652,24.044,8.76,4.75,4.01,1.623,38
2017,44.8763,98.8626,22.6841,1.638,24.196,8.7,4.767,3.933,1.535,38
2018,45.6082,98.8059,22.9609,1.598,24.28,8.819,4.83,3.989,1.435,38
2019,46.3328,98.7525,23.2349,1.555,24.417,9.039,4.929,4.11,1.322,38
2020,47.03,98.685,23.496,1.433,24.496,9.614,5.315,4.299,0.744,38
2021,47.6945,98.603,23.7411,1.373,24.541,10.109,5.559,4.55,0.742,38
2022,48.3541,98.5264,23.9805,1.374,24.549,10.041,5.502,4.539,0.9,38
2015,102.4719,101.2748,17.2033,2.683,3425.259,738.626,416.674,321.952,62.784,44
2016,105.2932,101.2305,17.4326,2.748,3506.866,729.424,417.134,312.29,115.812,44
2017,108.1979,101.1896,17.6579,2.695,3576.536,732.113,413.935,318.178,71.769,44
2018,111.1294,101.1521,17.8717,2.652,3667.649,730.182,418.813,311.369,9.309,44
2019,114.1206,101.1107,18.0722,2.66,3781.463,735.123,421.19,313.933,-10.803,44
2020,117.1909,101.0675,18.2666,2.65,3841.565,775.334,445.114,330.221,38.867,44
2021,120.283,101.009,18.4584,2.56,3895.734,815.212,472.66,342.552,-1.391,44
2022,123.3799,100.9453,18.6471,2.525,3928.445,801.777,464.262,337.516,-11.999,44
2015,80.6772,98.6668,17.8674,2.158,1452.29,345.318,184.135,161.183,-95.981,68
2016,82.4735,98.6126,18.0567,2.245,1456.804,351.719,185.436,166.282,-29.727,68
2017,84.2875,98.5564,18.2583,2.108,1457.61,357.331,192.187,165.144,-68.704,68
2018,86.0184,98.4753,18.4774,1.959,1459.581,365.374,196.455,168.919,-115.434,68
2019,87.7372,98.4148,18.7019,1.997,1451.197,371.729,198.452,173.277,-61.946,68
2020,89.5183,98.3805,18.9258,2.022,1455.947,387.712,207.704,180.008,-17.106,68
2021,91.2744,98.3266,19.1544,1.865,1468.358,427.272,231.945,195.327,-52.549,68
2022,93.0341,98.2665,19.3816,1.953,1488.394,423.182,229.463,193.719,-10.0,68
2015,42.7142,100.6705,17.8677,2.574,814.367,175.196,95.919,79.278,0.485,78
2016,43.8332,100.6438,18.0636,2.598,835.638,173.724,95.79,77.934,0.485,78
2017,44.9807,100.6151,18.2541,2.571,850.058,177.726,97.976,79.75,0.485,78
2018,46.1443,100.5866,18.441,2.537,861.57,180.875,99.733,81.142,0.485,78
2019,47.3245,100.5532,18.6243,2.513,872.971,179.489,99.849,79.64,-1.487,78
2020,48.514,100.5092,18.7994,2.452,884.817,191.982,107.109,84.873,-0.742,78
2021,49.7008,100.4591,18.9644,2.382,895.045,205.436,114.062,91.374,-0.742,78
2022,50.8972,100.411,19.1254,2.375,906.13,201.373,111.923,89.451,-1.5,78
2015,179.1495,94.2589,15.7343,2.739,605.977,135.632,72.941,62.691,-6.449,79
2016,184.0852,94.3341,15.8641,2.697,606.249,131.285,71.068,60.217,-5.498,79
2017,189.1146,94.4031,16.0144,2.694,614.279,127.87,69.764,58.106,-4.795,79
2018,194.2622,94.4678,16.1794,2.678,623.309,127.786,69.809,57.976,-3.706,79
2019,199.5446,94.5288,16.3624,2.688,634.083,124.761,68.751,56.01,-2.228,79
2020,204.9355,94.582,16.5608,2.644,644.116,129.975,71.84,58.135,-1.775,79
2021,210.3577,94.636,16.768,2.579,653.703,138.931,75.661,63.27,-1.775,79
2022,215.8105,94.6988,16.9834,2.539,665.678,141.532,76.592,64.941,-6.0,79
2015,637.0212,98.1076,34.1364,0.055,13.265,9.803,5.424,4.379,-2.747,84
2016,637.3946,98.0009,34.6462,0.063,13.456,10.095,5.595,4.5,-2.558,84
2017,637.8032,97.8906,35.133,0.066,13.755,10.524,5.802,4.722,-2.381,84
2018,638.119,97.7854,35.5972,0.033,13.431,10.786,5.896,4.89,-2.209,84
2019,638.5611,97.6772,36.0374,0.105,13.282,10.891,5.969,4.922,-1.034,84
2020,639.3239,97.5517,36.4447,0.134,13.462,11.243,6.204,5.039,-0.478,84
2021,639.8594,97.4127,36.8139,0.034,13.437,12.527,6.856,5.671,-0.478,84
2022,640.1325,97.2726,37.1417,0.052,13.266,12.591,6.874,5.717,0.0,84
2015,34.1352,95.723,16.1965,3.041,1041.021,255.083,134.098,120.985,30.414,89
2016,35.2202,95.9389,16.3108,3.214,1063.303,250.323,132.55,117.772,77.168,89
2017,36.3303,96.1244,16.4267,2.996,1089.214,248.268,131.664,116.603,14.804,89
2018,37.4169,96.1985,16.5223,2.9,1111.3,245.416,131.686,113.731,-12.765,89
2019,38.5127,96.2289,16.6151,2.874,1131.557,243.603,131.049,112.554,-17.639,89
2020,39.6478,96.2755,16.7174,2.935,1152.789,249.559,135.44,114.118,11.745,89
2021,40.7908,96.3119,16.8138,2.752,1174.346,282.145,153.245,128.9,-9.515,89
2022,41.9257,96.3254,16.9027,2.737,1191.147,283.95,153.802,130.147,-5.0,89
2015,480.9153,94.7249,18.1806,2.389,370.93,78.346,39.547,38.799,-14.477,111
2016,492.8087,94.9033,18.2975,2.496,377.835,77.457,39.896,37.562,-2.605,111
2017,505.1772,95.0675,18.4169,2.462,384.173,77.903,40.113,37.79,-5.169,111
2018,517.6294,95.2302,18.5373,2.409,390.707,78.077,39.915,38.163,-10.794,111
2019,530.154,95.3898,18.6683,2.373,395.247,78.822,40.385,38.437,-11.823,111
2020,543.0137,95.5368,18.8254,2.42,398.512,78.87,40.878,37.993,-1.579,111
2021,556.0466,95.677,19.0032,2.325,403.681,84.576,43.382,41.194,-6.112,111
2022,569.0499,95.8125,19.1923,2.298,406.214,80.582,41.623,38.959,-8.999,111
2015,21.9401,100.5084,14.9296,3.281,640.231,171.47,91.861,79.609,-17.178,119
2016,22.7833,100.509,14.9649,4.243,657.011,174.722,94.131,80.591,124.017,119
2017,23.694,100.5072,15.0039,3.609,674.938,176.555,94.904,81.651,38.067,119
2018,24.5658,100.5098,15.0507,3.617,692.627,176.175,94.849,81.326,40.844,119
2019,25.4747,100.5201,15.1015,3.649,711.293,176.232,94.442,81.79,48.055,119
2020,26.3605,100.5327,15.1486,3.195,728.149,188.459,101.111,87.349,-11.383,119
2021,27.2031,100.5367,15.1877,3.099,743.932,198.038,106.354,91.684,-17.071,119
2022,28.051,100.5399,15.226,3.041,759.044,194.003,104.208,89.795,-30.0,119
2015,19.8426,97.8454,17.2003,1.112,409.331,124.768,64.839,59.929,-160.109,121
2016,19.6153,97.8504,16.5546,-3.442,400.446,125.435,65.305,60.13,-655.87,121
2017,18.8923,97.7906,15.6852,-4.081,358.732,120.97,62.963,58.007,-672.697,121
2018,18.4263,97.7762,15.2584,-0.874,317.641,111.513,56.767,54.747,-297.041,121
2019,18.5191,97.8527,15.4205,1.872,303.49,109.984,55.808,54.176,2.048,121
2020,18.8002,97.9455,15.7582,1.146,310.48,114.527,58.459,56.068,-74.415,121
2021,19.052,98.0267,16.0684,1.512,313.347,118.956,60.688,58.269,-31.885,121
2022,19.3442,98.1104,16.4052,1.533,315.39,117.433,59.912,57.52,-30.694,121
2015,187.5678,97.4176,14.5785,3.114,1478.913,249.412,131.404,118.008,-62.377,134
2016,193.9286,97.5234,14.793,3.548,1497.776,246.399,131.337,115.062,123.381,134
2017,200.8292,97.6341,15.0393,3.446,1537.283,247.348,130.287,117.061,92.876,134
2018,207.7775,97.7462,15.2713,3.358,1579.525,246.445,130.678,115.767,60.723,134
2019,214.9528,97.8539,15.5021,3.431,1616.222,249.857,132.294,117.563,107.203,134
2020,222.2375,97.9563,15.7258,3.238,1653.818,259.787,137.959,121.828,43.465,134
2021,229.4903,98.0456,15.9354,3.186,1686.795,269.42,144.361,125.059,43.465,134
2022,236.4761,98.126,16.1219,2.817,1713.605,263.987,140.982,123.005,-118.846,134
2015,21.8569,96.9986,15.9682,3.163,614.471,116.885,62.368,54.516,16.283,141
2016,22.5558,97.0988,16.1088,3.132,624.251,116.34,62.26,54.08,17.285,141
2017,23.2692,97.1935,16.2616,3.095,632.854,117.736,63.528,54.208,20.268,141
2018,23.9926,97.274,16.4239,3.029,642.576,120.307,65.253,55.054,18.019,141
2019,24.7252,97.3408,16.5936,2.986,651.591,120.73,65.639,55.091,18.019,141
2020,25.4614,97.3878,16.7634,2.883,661.531,124.943,67.851,57.092,9.015,141
2021,26.195,97.4137,16.9267,2.8,672.0,135.787,73.694,62.093,9.015,141
2022,26.9276,97.4123,17.0874,2.717,683.355,134.488,73.154,61.335,-5.0,141
2015,36.5902,88.6796,17.038,2.1,481.66,124.445,62.731,61.715,-59.918,142
2016,37.36,88.775,17.1543,2.064,480.406,122.246,61.762,60.484,-59.918,142
2017,38.1313,88.8632,17.3043,2.024,480.635,122.177,62.092,60.084,-59.918,142
2018,38.9096,88.9511,17.478,2.017,483.783,120.252,60.873,59.379,-59.918,142
2019,39.6914,89.0352,17.6663,1.962,484.906,123.744,63.152,60.592,-59.918,142
2020,40.5058,89.1456,17.8657,2.099,486.393,127.551,66.267,61.284,-29.955,142
2021,41.343,89.2762,18.0539,1.994,488.807,144.973,75.309,69.665,-25.005,142
2022,42.1883,89.4447,18.2356,2.054,491.195,146.0,75.369,70.631,-9.999,142
2015,22.5617,97.4042,16.0131,3.58,1180.604,247.967,133.677,114.29,74.17,4
2016,23.3855,97.4642,16.024,3.592,1204.674,249.063,133.853,115.21,91.623,4
2017,24.2309,97.5281,16.0472,3.511,1231.485,248.702,133.774,114.928,77.733,4
2018,25.0851,97.5831,16.0762,3.419,1257.353,249.688,135.68,114.008,61.632,4
2019,25.9514,97.6328,16.115,3.372,1284.366,252.53,136.79,115.74,58.986,4
2020,26.8136,97.6732,16.1488,3.168,1312.91,261.489,143.098,118.39,7.557,4
2021,27.6761,97.7035,16.1844,3.164,1338.792,276.278,150.515,125.763,29.089,4
2022,28.5466,97.7361,16.238,3.032,1359.723,279.899,152.181,127.718,-1.0,4
2015,49.3781,99.2645,17.128,3.044,869.475,211.09,110.95,100.14,42.007,24
2016,50.8779,99.3125,17.1892,2.942,895.033,210.701,110.033,100.667,13.251,24
2017,52.3403,99.3665,17.2269,2.728,913.262,209.846,109.65,100.196,-37.91,24
2018,53.807,99.4093,17.2681,2.798,920.977,210.169,111.09,99.079,-9.185,24
2019,55.321,99.448,17.326,2.752,932.283,210.457,110.417,100.04,-12.254,24
2020,56.8417,99.4742,17.3894,2.672,940.891,223.08,118.97,104.109,-9.889,24
2021,58.3599,99.4854,17.4617,2.6,950.546,233.498,123.801,109.697,-9.889,24
2022,59.896,99.5033,17.5513,2.596,959.096,229.648,121.29,108.358,-4.8,24
2015,7.7359,100.3452,14.4802,1.597,199.087,58.936,31.57,27.366,-63.213,26
2016,7.8721,100.293,14.4982,1.891,203.227,57.751,31.131,26.621,-52.758,26
2017,8.0207,100.2218,14.5206,1.849,209.152,58.038,31.671,26.366,-58.734,26
2018,8.1781,100.1466,14.54,2.035,214.277,57.525,31.242,26.283,-53.083,26
2019,8.3619,100.0914,14.5944,2.407,219.195,56.856,30.714,26.142,-36.942,26
2020,8.5766,100.0427,14.6819,2.658,225.927,59.147,32.051,27.097,-24.803,26
2021,8.7598,99.9782,14.6878,1.581,234.821,62.683,34.235,28.448,-85.86,26
2022,8.9556,99.9126,14.7052,2.827,236.643,61.49,33.428,28.062,-17.463,26
2015,11.2296,100.6523,14.7193,2.928,656.908,193.993,102.433,91.56,-48.918,27
2016,11.5888,100.696,14.7236,3.362,662.902,193.831,101.227,92.604,21.546,27
2017,11.9805,100.7397,14.7778,3.288,675.766,196.697,103.524,93.173,16.916,27
2018,12.3922,100.7667,14.8467,3.465,691.482,197.478,104.151,93.328,46.664,27
2019,12.8072,100.7816,14.8979,3.129,713.707,199.589,105.916,93.673,-9.469,27
2020,13.2185,100.7886,14.936,3.191,729.836,207.827,110.132,97.696,9.016,27
2021,13.6434,100.7868,14.997,3.138,744.834,214.803,114.403,100.4,9.016,27
2022,14.0751,100.7781,15.0585,3.093,765.648,215.543,114.897,100.647,-2.0,27
2015,14.8298,99.5995,18.1403,2.39,175.788,36.512,18.747,17.765,-18.219,32
2016,15.1884,99.6433,18.0725,2.387,175.075,36.461,19.035,17.426,-14.788,32
2017,15.5559,99.6743,18.0348,2.395,175.642,36.825,19.203,17.622,-11.604,32
2018,15.9328,99.7105,18.0231,2.394,176.098,37.015,19.139,17.876,-8.858,32
2019,16.3125,99.7409,18.0375,2.318,176.563,41.179,21.508,19.67,-6.271,32
2020,16.6974,99.7524,18.0851,2.346,177.736,39.496,20.904,18.592,-4.465,32
2021,17.0887,99.7625,18.1618,2.288,179.193,41.238,21.595,19.643,-4.466,32
2022,17.4829,99.7716,18.2622,2.274,180.175,43.439,22.927,20.512,-1.0,32
2015,7.8725,104.4434,21.1273,2.949,62.777,15.004,8.399,6.605,12.041,47
2016,8.0964,104.511,21.2579,2.663,63.233,15.073,8.397,6.676,7.395,47
2017,8.306,104.4503,21.3553,2.451,63.535,15.084,8.544,6.54,4.019,47
2018,8.507,104.3178,21.4306,2.333,63.536,15.303,8.653,6.65,2.893,47
2019,8.7041,104.1751,21.4968,2.248,63.561,15.369,8.61,6.759,2.23,47
2020,8.8973,104.0109,21.5594,2.144,63.472,15.833,9.022,6.811,1.514,47
2021,9.086,103.7992,21.6152,2.053,63.525,16.987,9.706,7.281,1.516,47
2022,9.2715,103.5805,21.6659,1.991,64.022,17.453,9.958,7.496,1.0,47
2015,16.6026,103.9261,26.52,2.006,1005.272,175.55,93.162,82.388,-36.371,3
2016,16.9369,103.9089,26.7601,1.981,1015.743,180.517,94.752,85.765,-36.227,3
2017,17.2716,103.8963,26.9842,1.934,1018.808,186.925,98.143,88.782,-36.448,3
2018,17.6035,103.8815,27.1979,1.874,1009.713,187.993,99.307,88.685,-36.227,3
2019,17.9303,103.8592,27.4088,1.806,995.239,187.62,100.41,87.21,-36.386,3
2020,18.2437,103.8189,27.605,1.66,974.703,234.547,126.926,107.621,-18.797,3
2021,18.5486,103.7661,27.8005,1.655,950.888,200.842,109.915,90.927,-18.797,3
2022,18.8531,103.726,28.0155,1.602,923.648,194.387,103.969,90.417,-9.999,3
2015,98.1705,102.5313,23.143,2.146,2745.341,569.391,308.772,260.619,-79.15,41
2016,100.2401,102.5072,23.2514,2.028,2584.116,564.595,309.403,255.192,4.132,41
2017,102.2546,102.4698,23.3911,1.952,2568.416,558.084,305.754,252.329,-23.281,41
2018,104.2149,102.421,23.5303,1.847,2548.639,571.875,310.916,260.959,-61.05,41
2019,106.1014,102.3762,23.6698,1.742,2489.364,589.548,315.728,273.82,-59.715,41
2020,107.9563,102.3531,23.8099,1.724,2477.081,628.726,339.187,289.539,4.476,41
2021,109.7616,102.3303,23.9392,1.594,2465.005,691.381,372.068,319.313,-32.37,41
2022,111.4974,102.2948,24.064,1.545,2453.941,709.349,382.589,326.76,-29.998,41
2015,3.6942,103.2337,25.0886,1.456,131.429,33.624,20.268,13.356,-7.66,75
2016,3.7479,103.0106,25.2611,1.429,129.3,34.433,20.765,13.668,-5.081,75
2017,3.8052,102.8899,25.4428,1.605,126.808,33.671,19.779,13.892,9.208,75
2018,3.8646,102.8451,25.6373,1.493,124.833,33.956,19.829,14.128,5.835,75
2019,3.919,102.7449,25.8421,1.307,123.055,35.826,21.11,14.715,-1.352,75
2020,3.9697,102.618,26.0549,1.26,121.777,37.248,21.468,15.779,-0.696,75
2021,4.0182,102.5179,26.2733,1.171,120.072,40.532,22.793,17.738,-0.696,75
2022,4.0642,102.4302,26.5079,1.105,117.846,40.561,22.902,17.659,-2.0,75
2015,77.7066,101.2111,26.6001,1.228,705.071,198.094,108.959,89.135,-81.202,88
2016,78.6629,101.2774,26.9425,1.219,684.405,199.321,109.92,89.401,-57.256,88
2017,79.6059,101.3304,27.2851,1.165,686.331,200.656,111.538,89.118,-71.807,88
2018,80.5008,101.3852,27.6398,1.071,676.69,202.762,113.423,89.339,-89.007,88
2019,81.3453,101.438,28.0086,1.016,666.487,205.653,115.604,90.049,-91.959,88
2020,82.2065,101.4337,28.3545,1.09,656.572,222.905,127.299,95.606,-33.807,88
2021,83.0755,101.3836,28.6735,1.014,650.892,228.888,130.027,98.862,-46.242,88
2022,83.93,101.3263,28.984,1.033,643.109,216.097,120.766,95.331,-39.998,88
2015,21.6261,100.0115,17.7196,3.068,1389.533,267.594,150.801,116.793,49.08,124
2016,22.3094,99.982,17.8335,3.152,1417.64,274.318,154.333,119.985,97.646,124
2017,23.0474,99.9586,17.9733,3.354,1447.974,273.132,153.352,119.78,189.497,124
2018,23.7948,99.9398,18.1128,3.034,1478.916,278.993,156.554,122.44,74.198,124
2019,24.4934,99.9223,18.2155,2.757,1506.276,284.869,159.54,125.329,-29.45,124
2020,25.1781,99.9028,18.3051,2.756,1521.188,296.441,166.33,130.11,0.086,124
2021,25.8674,99.8785,18.3948,2.647,1534.332,310.515,173.951,136.565,-15.223,124
2022,26.5569,99.8542,18.48,2.614,1548.473,313.059,175.197,137.862,-9.999,124
2015,74.36,98.5342,29.6192,1.114,221.215,67.233,39.223,28.01,-25.23,132
2016,75.1828,98.3965,29.9783,1.087,219.666,68.812,40.399,28.414,-23.826,132
2017,75.992,98.2562,30.3414,1.054,217.515,70.625,41.412,29.214,-22.368,132
2018,76.7744,98.1134,30.7082,0.994,211.807,72.123,42.434,29.689,-21.013,132
2019,77.5224,97.9649,31.078,0.945,207.571,74.09,43.56,30.53,-19.609,132
2020,78.2457,97.7871,31.4276,0.912,202.268,82.136,50.069,32.067,-9.189,132
2021,78.8969,97.6014,31.7391,0.746,197.396,96.709,55.99,40.719,-9.189,132
2022,79.4963,97.4532,32.0259,0.768,192.759,93.918,53.525,40.392,-4.0,132
2015,4.0675,96.9608,22.1785,1.99,60.853,17.131,9.096,8.036,2.145,18
2016,4.1509,97.048,22.415,2.067,61.432,15.946,8.547,7.399,3.129,18
2017,4.2381,97.1414,22.6637,2.091,61.614,15.139,8.17,6.969,3.761,18
2018,4.3255,97.2599,22.906,1.995,62.044,16.957,8.762,8.195,3.819,18
2019,4.4107,97.3709,23.1273,1.907,62.174,17.423,9.261,8.162,2.933,18
2020,4.4931,97.4423,23.3287,1.796,61.583,17.69,9.388,8.301,1.816,18
2021,4.5673,97.4858,23.4833,1.48,60.999,24.478,12.958,11.52,1.816,18
2022,4.6412,97.5455,23.6383,1.727,60.554,18.131,9.668,8.463,3.0,18
2015,69.78,97.0234,20.9916,1.154,60.023,31.437,16.601,14.836,-4.129,73
2016,70.615,97.1235,21.1742,1.225,60.423,30.313,16.034,14.279,-3.861,73
2017,71.4959,97.2115,21.3527,1.255,60.221,29.654,15.677,13.976,-3.327,73
2018,72.3985,97.2893,21.539,1.254,59.964,29.164,15.43,13.734,-3.234,73
2019,73.3103,97.3584,21.7363,1.249,59.775,28.984,15.348,13.636,-2.989,73
2020,74.2457,97.3965,21.9274,1.286,59.478,28.992,15.33,13.662,-1.49,73
2021,75.1467,97.3992,22.0824,1.127,59.581,32.376,17.126,15.25,-1.49,73
2022,75.9495,97.361,22.19,0.999,59.49,32.469,17.194,15.275,-4.0,73
2015,2.7727,93.5372,20.4129,1.76,69.517,20.761,11.115,9.646,-8.596,91
2016,2.822,93.4974,20.609,1.77,69.953,20.22,10.913,9.307,-8.596,91
2017,2.8721,93.454,20.7871,1.744,69.888,20.065,10.86,9.205,-8.597,91
2018,2.922,93.4104,20.9443,1.707,69.909,20.25,10.956,9.294,-8.596,91
2019,2.9718,93.3699,21.0909,1.67,69.686,20.216,10.919,9.297,-8.596,91
2020,3.0234,93.3374,21.2317,1.769,69.444,21.112,11.512,9.6,-4.301,91
2021,3.0732,93.2911,21.3395,1.504,69.486,27.119,14.685,12.434,-4.301,91
2022,3.118,93.2338,21.3983,1.389,69.157,29.431,15.859,13.573,-4.061,91
2015,45.7699,94.5487,25.304,2.351,1183.143,514.293,259.86,254.433,644.996,120
2016,46.217,94.532,25.6675,-0.394,1151.026,507.232,260.851,246.381,-866.101,120
2017,46.3963,94.1367,26.0154,1.166,1169.583,498.721,254.868,243.853,-10.681,120
2018,46.9684,94.2578,26.3373,1.285,1212.008,502.601,256.61,245.992,27.265,120
2019,47.5806,94.4069,26.6346,1.305,1235.776,500.327,253.398,246.929,22.728,120
2020,48.1662,94.5721,26.9097,1.142,1194.619,553.914,275.417,278.497,30.852,120
2021,48.6498,94.7437,27.1455,0.857,1176.955,678.798,333.602,345.196,10.934,120
2022,49.0607,94.9298,27.3515,0.825,1155.858,720.175,354.597,365.578,58.496,120
2015,96.9562,99.8761,17.178,2.948,426.663,107.775,55.627,52.147,3.366,15
2016,99.8589,99.9724,17.2239,2.952,438.452,109.926,56.509,53.417,3.827,15
2017,102.8448,100.0627,17.2667,2.941,448.571,111.246,57.619,53.626,3.716,15
2018,105.8947,100.1473,17.3101,2.904,455.978,112.575,58.022,54.553,3.368,15
2019,108.9965,100.2249,17.357,2.87,463.053,113.67,59.126,54.543,3.363,15
2020,112.1242,100.292,17.4067,2.789,469.278,118.4,61.543,56.856,1.732,15
2021,115.2616,100.3473,17.4613,2.731,475.832,122.627,64.341,58.286,1.732,15
2022,118.4184,100.3861,17.5273,2.674,481.715,124.512,65.672,58.84,-0.2,15
2015,68.4138,98.8613,16.0036,2.942,750.846,180.442,92.807,87.635,-19.754,21
2016,70.4514,98.9568,16.0658,2.928,751.461,179.548,92.525,87.023,-7.603,21
2017,72.4995,99.0512,16.1526,2.805,752.036,180.836,93.336,87.5,-14.801,21
2018,74.5348,99.1139,16.2477,2.733,761.074,179.776,92.884,86.892,-23.971,21
2019,76.5776,99.1529,16.3473,2.675,769.252,183.463,95.285,88.178,-25.277,21
2020,78.6646,99.2093,16.4632,2.702,776.842,189.721,98.692,91.029,-5.665,21
2021,80.7774,99.285,16.5914,2.6,785.817,198.073,102.139,95.934,-13.097,21
2022,82.8719,99.3367,16.7241,2.521,793.031,196.524,101.475,95.049,-24.998,21
2015,126.8829,99.4734,19.7174,2.349,915.988,224.502,119.615,104.888,-13.308,50
2016,129.8862,99.4918,19.7934,2.33,901.955,220.425,118.486,101.938,7.014,50
2017,132.8218,99.5043,19.8931,2.142,875.587,223.297,119.492,103.805,-4.914,50
2018,135.6713,99.5179,19.9967,2.104,896.502,227.745,121.925,105.821,-19.374,50
2019,138.5352,99.5257,20.1027,2.075,901.018,225.241,121.638,103.603,-21.86,50
2020,141.4274,99.5178,20.2261,2.058,902.298,239.693,130.463,109.23,-0.297,50
2021,144.2956,99.502,20.3669,1.958,904.679,250.471,135.669,114.802,-11.253,50
2022,147.1208,99.4896,20.5237,1.92,906.677,253.955,137.215,116.74,-9.999,50
2015,47.314,96.5758,16.8656,2.591,440.91,124.525,62.721,61.803,-15.127,53
2016,48.5552,96.7448,16.9977,2.588,446.491,123.598,61.6,61.998,-14.196,53
2017,49.816,96.9137,17.1309,2.54,448.594,123.963,62.269,61.694,-13.726,53
2018,51.0942,97.087,17.2752,2.527,451.296,124.847,62.252,62.595,-9.195,53
2019,52.4074,97.2799,17.4279,2.548,456.433,125.096,62.806,62.291,-3.243,53
2020,53.7406,97.4715,17.5761,2.477,461.563,130.06,65.245,64.815,-4.364,53
2021,55.0704,97.6613,17.7129,2.412,465.954,135.224,67.943,67.281,-4.367,53
2022,56.403,97.8402,17.849,2.37,469.311,136.815,68.883,67.932,-4.0,53
2015,47.8855,98.545,17.4556,2.125,158.069,44.883,23.101,21.782,-15.195,74
2016,48.859,98.6495,17.4773,1.903,159.119,42.759,21.925,20.834,-26.822,74
2017,49.7989,98.755,17.5093,1.908,159.429,43.06,22.055,21.005,-24.83,74
2018,50.7619,98.8521,17.5728,1.922,160.303,43.098,22.229,20.869,-23.226,74
2019,51.7576,98.9463,17.6669,1.962,160.753,43.248,22.168,21.079,-19.697,74
2020,52.8196,99.0346,17.796,2.099,161.486,44.578,23.073,21.505,-10.119,74
2021,53.9184,99.1155,17.9447,2.019,162.685,45.955,23.654,22.301,-11.862,74
2022,55.0528,99.2007,18.1107,2.143,164.452,45.796,23.527,22.27,-5.0,74
2015,14.8443,102.0775,14.8244,3.149,804.446,185.256,96.593,88.663,-48.947,81
2016,15.3256,102.0716,14.8223,3.231,820.266,185.829,96.342,89.487,-30.294,81
2017,15.8265,102.0676,14.8444,3.202,838.648,186.309,97.089,89.22,-33.995,81
2018,16.337,102.0541,14.8792,3.148,856.296,188.002,98.755,89.247,-40.761,81
2019,16.8559,102.0407,14.9268,3.106,872.712,189.579,99.049,90.53,-44.428,81
2020,17.394,102.024,14.9952,3.178,891.864,202.371,106.288,96.083,-14.978,81
2021,17.9521,101.9965,15.0803,3.138,912.901,203.297,107.223,96.075,-22.236,81
2022,18.5165,101.967,15.1654,3.054,932.317,202.466,106.94,95.526,-39.998,81
2015,3.8287,95.3832,16.9205,2.645,138.903,31.503,16.975,14.528,-3.018,83
2016,3.9312,95.4952,17.0033,2.64,141.21,31.243,16.766,14.477,-3.009,83
2017,4.0361,95.6059,17.096,2.627,143.282,30.991,16.735,14.256,-3.001,83
2018,4.1435,95.7148,17.1983,2.625,146.064,30.971,16.644,14.327,-2.987,83
2019,4.2533,95.8195,17.3128,2.604,147.906,30.716,16.662,14.054,-3.018,83
2020,4.3646,95.9164,17.4363,2.564,150.426,33.598,18.089,15.509,-1.494,83
2021,4.4775,96.0162,17.5654,2.544,153.242,34.347,18.384,15.963,-1.494,83
2022,4.5951,96.1206,17.7131,2.638,156.047,34.111,18.26,15.85,3.0,83
2015,15.8902,102.802,14.3686,3.861,937.161,177.125,91.399,85.726,17.051,96
2016,16.5167,102.8267,14.3894,3.873,973.456,178.126,91.808,86.318,14.833,96
2017,17.1611,102.8524,14.4031,3.783,1008.227,179.216,92.483,86.733,-6.827,96
2018,17.8235,102.8827,14.4147,3.792,1041.983,182.088,93.385,88.704,-3.816,96
2019,18.5075,102.9093,14.4294,3.74,1075.96,183.574,95.055,88.519,-15.787,96
2020,19.2103,102.928,14.4439,3.715,1109.922,201.622,104.108,97.514,-4.403,96
2021,19.9358,102.9376,14.4616,3.7,1144.371,205.694,107.266,98.428,-4.405,96
2022,20.69,102.933,14.4858,3.725,1180.654,205.414,107.856,97.558,1.0,96
2015,202.0222,101.7667,16.6796,2.493,7273.185,2541.011,1290.261,1250.75,-145.917,97
2016,207.151,101.8369,16.6929,2.521,7384.114,2573.761,1298.058,1275.703,-54.315,97
2017,212.4531,101.9096,16.7305,2.533,7486.698,2599.811,1316.888,1282.923,15.016,97
2018,217.8241,101.9778,16.7876,2.461,7590.288,2627.362,1327.421,1299.941,-81.384,97
2019,223.2226,102.0444,16.8553,2.436,7697.868,2641.681,1337.011,1304.671,-103.989,97
2020,228.7377,102.0943,16.9353,2.445,7806.449,2708.008,1382.264,1325.744,-4.824,97
2021,234.3087,102.1338,17.0199,2.369,7923.294,2792.704,1422.524,1370.181,-76.364,97
2022,239.9521,102.1787,17.1166,2.391,8002.758,2717.203,1380.004,1337.199,-59.996,97
2015,74.5659,96.4477,17.1763,2.712,508.147,87.797,46.916,40.881,-31.006,113
2016,76.6185,96.4558,17.2394,2.719,511.96,86.228,46.283,39.946,-24.72,113
2017,78.7295,96.4828,17.325,2.717,519.212,86.79,46.589,40.201,-20.576,113
2018,80.896,96.525,17.4242,2.712,529.314,86.967,46.217,40.75,-19.973,113
2019,83.108,96.5658,17.5318,2.684,535.968,86.623,46.761,39.862,-19.973,113
2020,85.3691,96.6233,17.6495,2.685,543.219,91.832,48.867,42.965,-10.09,113
2021,87.6576,96.7061,17.7732,2.607,549.984,99.995,52.681,47.314,-10.091,113
2022,89.9416,96.7688,17.8995,2.539,555.696,96.14,50.989,45.152,-19.999,113
2015,101.9623,100.194,17.6976,2.38,252.786,78.359,40.048,38.311,-0.356,115
2016,104.4593,100.2419,17.8673,2.458,254.816,75.264,38.708,36.556,4.657,115
2017,107.0193,100.286,18.0443,2.385,257.718,75.858,39.008,36.85,1.234,115
2018,109.5802,100.3212,18.2306,2.345,260.265,73.193,38.036,35.157,-2.741,115
2019,112.1666,100.3506,18.4267,2.321,261.97,72.96,37.805,35.155,-2.238,115
2020,114.7752,100.3788,18.627,2.278,262.77,76.54,39.765,36.775,1.292,115
2021,117.3772,100.4055,18.8317,2.207,264.106,76.745,39.75,36.995,-1.544,115
2022,119.957,100.4347,19.0465,2.142,265.023,76.691,39.694,36.997,-4.0,115
2015,137.4008,100.7439,18.1264,2.497,257.088,68.513,34.138,34.375,-1.985,130
2016,140.8596,100.8224,18.1865,2.476,261.322,69.679,34.734,34.945,-1.988,130
2017,144.3794,100.8928,18.253,2.461,264.363,69.148,34.69,34.458,-1.997,130
2018,147.9441,100.9516,18.3335,2.418,267.1,70.551,35.549,35.002,-1.997,130
2019,151.5553,100.9981,18.4275,2.406,270.073,69.792,35.434,34.358,-1.997,130
2020,155.223,101.0369,18.534,2.377,272.757,71.077,36.085,34.992,-0.995,130
2021,158.9415,101.0635,18.6519,2.358,275.435,70.622,36.307,34.314,-0.995,130
2022,162.6898,101.0851,18.7787,2.305,278.618,72.689,37.085,35.604,-2.0,130
2015,6.6066,91.6361,28.6157,1.349,400.061,147.198,77.503,69.695,-12.253,67
2016,6.6965,91.8296,28.7927,1.353,402.246,150.123,75.38,74.743,-7.445,67
2017,6.784,92.0332,28.9896,1.244,391.284,147.533,75.968,71.565,-15.903,67
2018,6.8667,92.2132,29.1957,1.18,401.334,150.852,77.142,73.709,-31.76,67
2019,6.9468,92.3807,29.381,1.139,404.079,153.401,79.701,73.7,-37.08,67
2020,7.0301,92.5032,29.4967,1.245,427.805,179.002,96.151,82.851,-12.432,67
2021,7.1106,92.6182,29.5342,1.032,413.483,196.49,101.482,95.008,-18.917,67
2022,7.1852,92.7675,29.5377,1.057,402.511,197.515,100.472,97.043,0.0,67
2015,30.8393,96.1521,23.1383,1.729,168.032,36.301,19.846,16.456,-29.468,70
2016,31.378,96.2639,23.2804,1.734,165.642,35.985,20.381,15.604,-25.279,70
2017,31.9148,96.3493,23.415,1.659,165.103,35.759,20.181,15.578,-27.796,70
2018,32.4478,96.4221,23.5062,1.654,169.708,36.078,20.664,15.415,-30.717,70
2019,32.97,96.4715,23.5659,1.54,166.913,35.261,20.556,14.705,-34.27,70
2020,33.4978,96.4918,23.6475,1.636,160.571,41.18,23.873,17.307,-14.307,70
2021,34.0341,96.4836,23.7379,1.542,157.661,40.495,23.83,16.665,-16.51,70
2022,34.5705,96.4569,23.8185,1.585,154.761,39.665,23.474,16.19,-9.999,70
2015,59.5672,100.8233,20.6463,2.36,266.537,46.344,26.663,19.682,-18.984,128
2016,60.9736,100.9544,20.7813,2.307,263.837,46.502,26.753,19.749,-16.029,128
2017,62.3726,101.0596,20.9422,2.231,258.372,46.184,26.451,19.733,-13.082,128
2018,63.7885,101.1486,21.0931,2.258,262.049,45.802,25.985,19.817,-10.135,128
2019,65.2481,101.2239,21.2209,2.267,264.052,45.238,25.553,19.686,-7.192,128
2020,66.6891,101.2606,21.3383,2.104,262.763,58.418,32.968,25.45,-3.564,128
2021,68.1346,101.2845,21.4675,2.184,260.838,44.345,25.058,19.287,-3.564,128
2022,69.5513,101.3082,21.6115,1.934,259.276,46.771,26.547,20.223,-19.999,128
2015,12.2708,97.9418,24.3707,1.789,150.465,37.687,20.921,16.766,-9.612,133
2016,12.4882,98.0068,24.6128,1.723,149.315,38.611,21.218,17.393,-9.616,133
2017,12.7006,98.0666,24.8511,1.651,147.211,39.045,21.635,17.411,-9.616,133
2018,12.9063,98.109,25.0947,1.563,144.719,40.292,22.447,17.845,-9.614,133
2019,13.105,98.1353,25.3452,1.492,142.072,40.564,22.738,17.827,-9.612,133
2020,13.3008,98.1573,25.5944,1.474,139.38,42.735,23.676,19.059,-4.502,133
2021,13.4953,98.1752,25.8394,1.43,136.968,41.769,23.356,18.413,-4.503,133
2022,13.6845,98.1802,26.081,1.355,133.491,42.353,23.747,18.606,-4.0,133
2015,72.7537,100.0555,25.0983,1.648,723.124,192.576,104.008,88.568,-20.38,139
2016,73.9388,100.0897,25.3834,1.584,726.814,193.46,103.92,89.54,-35.209,139
2017,75.0956,100.0989,25.6751,1.522,729.145,194.513,104.805,89.708,-48.561,139
2018,76.2802,100.0933,25.9531,1.608,779.886,198.098,106.151,91.947,-60.066,139
2019,77.5199,100.083,26.1994,1.616,802.857,200.442,106.597,93.844,-69.397,139
2020,78.8121,100.098,26.405,1.689,832.06,226.461,119.765,106.696,-39.203,139
2021,80.1162,100.1312,26.5906,1.594,802.875,220.493,117.703,102.79,-39.201,139
2022,81.4002,100.1627,26.7958,1.586,776.815,207.601,111.98,95.621,-19.999,139
2015,145.1787,104.821,35.6016,0.563,17446.888,9449.728,5358.701,4091.027,-155.379,29
2016,146.0302,104.7824,35.8993,0.607,18283.156,9623.416,5471.57,4151.846,-153.054,29
2017,146.9037,104.7216,36.2011,0.586,18427.645,9981.184,5764.324,4216.86,-180.592,29
2018,147.6114,104.6424,36.5519,0.376,15504.679,9886.851,5636.959,4249.892,-296.674,29
2019,148.1108,104.5606,36.9663,0.3,14633.834,10063.245,5713.89,4349.355,-302.609,29
2020,148.4302,104.4563,37.4379,0.131,12243.398,10346.232,5930.739,4415.492,-33.649,29
2021,148.5306,104.3287,37.9478,0.004,10881.567,10617.528,6060.654,4556.874,-200.194,29
2022,148.5299,104.2107,38.4667,-0.005,10757.794,10522.51,5908.321,4614.189,-311.38,29
2015,337.6933,94.8011,45.9225,-0.184,1020.821,1405.072,715.073,689.999,150.215,65
2016,337.0111,94.7653,46.3157,-0.221,990.949,1428.06,725.12,702.94,156.993,65
2017,336.1316,94.7216,46.7209,-0.302,917.16,1463.873,743.014,720.859,164.07,65
2018,335.0526,94.6727,47.1393,-0.341,885.105,1493.14,753.95,739.19,177.47,65
2019,333.8208,94.6245,47.5722,-0.396,837.463,1519.227,764.456,754.77,183.953,65
2020,332.3694,94.5908,47.9829,-0.476,827.602,1511.209,763.939,747.269,87.584,65
2021,330.6916,94.5704,48.3613,-0.536,818.509,1574.533,795.433,779.1,87.584,65
2022,328.9379,94.5505,48.7449,-0.527,814.705,1567.933,790.805,777.129,99.994,65
2015,1.9036,98.8287,25.7931,2.151,78.102,18.252,10.81,7.442,3.932,86
2016,1.9452,98.7999,26.0156,2.173,76.746,18.382,10.899,7.482,7.47,86
2017,1.9879,98.7907,26.2261,2.168,74.832,18.517,10.91,7.606,10.802,86
2018,2.0315,98.7859,26.4112,2.175,75.256,17.878,10.918,6.96,11.426,86
2019,2.0754,98.7555,26.5676,2.106,75.136,17.738,10.958,6.779,10.664,86
2020,2.1152,98.6645,26.7042,1.692,73.785,18.03,11.161,6.869,0.0,86
2021,2.1495,98.5259,26.7928,1.528,71.668,20.52,12.497,8.023,0.0,86
2022,2.182,98.3892,26.8712,1.472,69.481,18.619,11.394,7.225,-0.85,86
2015,51.9848,102.3342,15.6834,2.327,1315.633,248.56,133.809,114.751,-281.739,1
2016,53.3442,102.3693,15.7953,2.83,1315.746,245.452,132.33,113.122,-90.238,1
2017,54.8955,102.3502,15.9635,2.902,1332.116,250.677,142.289,108.388,-47.09,1
2018,56.5024,102.2768,16.1389,2.869,1355.895,256.314,147.434,108.881,-47.205,1
2019,58.1699,102.202,16.3254,2.947,1377.704,256.564,146.021,110.543,-8.082,1
2020,60.0223,102.1389,16.5515,3.317,1402.265,276.683,155.192,121.492,166.821,1
2021,61.7584,102.0675,16.7338,2.399,1440.941,295.236,168.877,126.359,-183.672,1
2022,63.3436,101.9846,16.8702,2.666,1446.699,284.297,163.41,120.887,-65.846,1
2015,1212.4914,99.0436,24.0181,1.158,3026.354,912.49,521.802,390.688,-286.512,11
2016,1227.5069,98.9222,24.395,1.303,3036.914,900.115,513.348,386.767,-55.013,11
2017,1242.9436,98.8336,24.7769,1.197,2993.715,880.955,499.464,381.491,-175.755,11
2018,1257.463,98.7194,25.1591,1.126,3025.083,858.712,474.294,384.419,-323.38,11
2019,1271.5389,98.5749,25.5366,1.101,3040.527,874.931,498.912,376.019,-344.054,11
2020,1286.1715,98.4666,25.9071,1.187,3022.909,973.853,544.195,429.658,-61.154,11
2021,1301.039,98.4066,26.2804,1.112,3019.672,962.479,528.384,434.094,-174.5,11
2022,1315.0985,98.2996,26.666,1.038,2994.966,907.425,512.689,394.737,-309.977,11
2015,19.3591,113.5305,24.919,0.884,12.761,5.028,2.833,2.195,-1.171,16
2016,19.5281,113.53,25.3761,0.854,12.059,5.129,2.883,2.246,-0.521,16
2017,19.6937,113.4236,25.878,0.835,11.271,5.246,2.946,2.3,0.291,16
2018,19.8494,113.1935,26.4338,0.739,10.503,5.154,2.904,2.249,0.291,16
2019,19.989,112.9724,27.0109,0.663,9.873,5.083,2.874,2.209,0.291,16
2020,20.1205,112.7538,27.598,0.648,9.77,5.055,2.872,2.183,0.291,16
2021,20.2502,112.5337,28.1862,0.638,9.703,5.035,2.864,2.171,0.291,16
2022,20.3796,112.3207,28.7737,0.636,9.648,4.972,2.815,2.158,0.3,16
2015,444.9317,106.9167,25.5414,1.174,24828.119,8825.601,4755.438,4070.163,-475.094,58
2016,450.2357,106.8948,25.8816,1.196,24783.025,8838.896,4746.318,4092.578,68.119,58
2017,455.4689,106.8713,26.2256,1.116,24253.964,8927.865,4791.87,4135.995,-219.656,58
2018,460.4493,106.8437,26.5745,1.06,24168.443,9098.071,4892.594,4205.476,-561.563,58
2019,465.1946,106.8091,26.9288,0.991,23583.089,9280.916,5002.481,4278.435,-593.495,58
2020,469.6596,106.7528,27.2833,0.92,23138.532,10262.275,5602.755,4659.52,-34.772,58
2021,473.4187,106.6724,27.6031,0.676,23113.533,13299.618,7212.22,6087.398,-301.97,58
2022,476.6507,106.5872,27.9028,0.685,23056.027,12862.015,6968.129,5893.887,-487.303,58
2015,187.5944,91.1083,21.5009,0.673,611.231,204.456,106.581,97.875,-221.059,92
2016,189.2988,90.8076,21.8129,1.134,607.431,193.403,101.651,91.753,-98.016,92
2017,191.4882,90.7168,22.1477,1.165,603.251,196.726,103.248,93.477,-78.062,92
2018,193.6847,90.648,22.4944,1.116,600.218,200.989,105.445,95.544,-81.13,92
2019,195.8982,90.5866,22.8497,1.157,602.436,198.367,104.528,93.839,-70.597,92
2020,199.405,90.9701,23.2428,2.381,602.598,210.466,112.163,98.303,306.664,92
2021,204.0684,91.745,23.6543,2.244,609.79,232.398,123.617,108.781,296.541,92
2022,207.5511,92.107,24.037,1.15,616.657,203.387,107.888,95.5,-62.012,92
2015,273.6733,104.8532,19.3604,1.242,6297.466,1504.82,858.644,646.176,-2172.159,101
2016,276.9884,104.0755,19.4302,1.166,6291.208,1510.5,858.071,652.429,-2290.411,101
2017,280.6917,103.4091,19.5229,1.488,6289.965,1496.276,850.558,645.719,-1574.581,101
2018,285.0398,102.9043,19.6527,1.586,6302.081,1508.129,853.327,654.802,-1309.609,101
2019,289.6602,102.4817,19.801,1.63,6330.933,1514.6,849.357,665.242,-1177.218,101
2020,294.7239,102.1663,19.9738,1.834,6362.705,1606.293,909.051,697.242,-588.736,101
2021,300.1792,101.9458,20.1674,1.834,6374.741,1660.4,935.072,725.328,-471.395,101
2022,305.9164,101.7943,20.3813,1.952,6424.944,1656.456,928.595,727.861,-165.988,101
2015,340.2711,93.6569,30.7697,0.43,339.695,149.258,87.923,61.336,-98.598,123
2016,341.6872,93.5139,31.0754,0.4,332.739,148.079,86.965,61.114,-98.896,123
2017,342.984,93.3786,31.3793,0.357,326.988,151.498,87.954,63.543,-98.598,123
2018,344.1625,93.2582,31.6722,0.329,320.196,152.188,87.086,65.102,-97.1,123
2019,345.2622,93.1487,31.9517,0.309,315.324,153.431,87.485,65.947,-94.897,123
2020,346.3054,93.0419,32.2157,0.294,309.76,153.533,87.304,66.229,-92.4,123
2021,347.2361,92.9697,32.473,0.243,305.877,160.593,86.768,73.825,-92.4,123
2022,348.1723,92.9079,32.727,0.296,301.383,159.362,89.005,70.357,-77.495,123
2015,85.1632,97.9552,24.1557,1.317,345.053,89.724,46.528,43.196,-52.272,23
2016,86.307,97.9628,24.561,1.351,342.034,90.402,47.761,42.641,-40.577,23
2017,87.4455,97.9742,24.9642,1.271,338.417,91.541,47.482,44.059,-45.72,23
2018,88.5201,97.9833,25.3761,1.173,333.912,94.278,48.988,45.29,-51.685,23
2019,89.5282,97.9818,25.7968,1.093,329.219,96.545,50.002,46.543,-55.607,23
2020,90.5729,97.9978,26.1882,1.227,325.659,102.187,53.334,48.853,-22.308,23
2021,91.6343,98.0317,26.5155,1.104,320.934,113.507,60.447,53.06,-24.262,23
2022,92.6221,98.0068,26.8049,1.041,318.335,113.868,60.664,53.203,-29.998,23
2015,135.5842,101.5109,27.9993,1.084,4779.601,1932.676,1020.071,912.605,-37.991,59
2016,137.0275,101.5156,28.2459,1.034,4717.655,1971.512,1041.29,930.222,-38.653,59
2017,138.4136,101.5176,28.4981,0.979,4633.621,2004.491,1058.873,945.618,-39.282,59
2018,139.7574,101.514,28.7569,0.953,4587.901,2001.885,1063.213,938.671,-39.878,59
2019,141.0741,101.5054,29.0174,0.922,4558.836,2032.338,1079.578,952.76,-40.567,59
2020,142.2647,101.4802,29.2499,0.759,4526.2,2436.95,1304.473,1132.477,-24.999,59
2021,143.2564,101.4362,29.4445,0.631,4496.383,2755.19,1468.811,1286.38,-14.992,59
2022,144.1713,101.3927,29.6337,0.643,4462.212,2642.122,1407.703,1234.419,-49.997,59
2015,94.5635,105.4692,27.2717,1.458,530.604,158.136,92.467,65.67,80.603,80
2016,95.9562,105.3229,27.7024,1.466,525.164,160.803,94.178,66.625,97.737,80
2017,97.324,105.1757,28.1377,1.366,522.299,163.884,96.095,67.789,78.257,80
2018,98.6129,105.0334,28.5794,1.266,517.161,167.497,97.937,69.559,60.604,80
2019,99.8448,104.8971,29.0256,1.217,510.563,172.154,100.087,72.067,60.824,80
2020,101.05,104.7635,29.4702,1.183,511.406,176.17,102.323,73.847,57.483,80
2021,102.188,104.6271,29.9017,1.058,511.313,202.436,116.564,85.873,46.165,80
2022,103.297,104.4916,30.3284,1.101,509.232,184.58,106.968,77.612,48.997,80
2015,78.8072,99.4843,27.3209,0.791,948.358,446.949,245.996,200.953,-94.128,90
2016,79.4323,99.4336,27.6129,0.789,952.05,454.599,249.749,204.851,-87.935,90
2017,80.0385,99.3827,27.8953,0.731,948.906,461.006,253.122,207.884,-105.438,90
2018,80.6166,99.3285,28.1798,0.708,942.093,454.58,250.605,203.975,-114.634,90
2019,81.1894,99.2727,28.4696,0.708,937.752,461.434,253.801,207.634,-100.81,90
2020,81.7756,99.2138,28.7569,0.731,928.106,471.418,259.845,211.574,-66.228,90
2021,82.3495,99.1385,29.0294,0.668,920.395,525.701,290.271,235.43,-35.382,90
2022,82.933,99.0661,29.3055,0.744,912.252,474.133,260.495,213.637,-34.998,90
2015,343.4379,102.6499,22.9863,1.758,2395.675,590.944,300.149,290.795,6.954,105
2016,349.5842,102.7615,23.2405,1.789,2394.064,597.012,305.717,291.294,79.051,105
2017,355.795,102.8595,23.4977,1.734,2418.897,604.642,312.052,292.59,36.111,105
2018,361.8961,102.9445,23.7552,1.667,2437.103,611.429,317.74,293.689,-15.371,105
2019,367.936,103.0191,24.0125,1.643,2456.896,619.189,323.366,295.823,-24.066,105
2020,373.9699,103.0862,24.2694,1.61,2473.218,624.582,327.47,297.112,-41.937,105
2021,379.6011,103.1297,24.5013,1.38,2485.008,832.888,444.321,388.567,-80.125,105
2022,385.1967,103.1638,24.7337,1.545,2499.081,643.713,341.95,301.763,-69.996,105
2015,8272.3543,109.3965,38.6793,1.227,51.891,23.533,13.022,10.51,40.958,116
2016,8363.0059,109.4586,39.1728,0.954,42.37,24.353,13.55,10.803,36.498,116
2017,8439.9517,109.4855,39.6917,0.878,40.318,25.169,14.052,11.117,35.449,116
2018,8513.2306,109.507,40.2112,0.851,39.753,25.978,14.533,11.445,35.726,116
2019,8589.1728,109.527,40.7121,0.924,40.247,26.644,14.945,11.699,40.624,116
2020,8652.8104,109.5805,41.2316,0.553,41.375,29.992,17.017,12.975,21.324,116
2021,8698.478,109.6673,41.782,0.5,42.215,31.862,17.68,14.182,19.321,116
2022,8749.1779,109.629,42.3152,0.662,42.333,29.754,16.822,12.932,26.998,116
2015,137.592,95.6485,36.5428,0.435,745.375,472.52,281.517,191.003,32.595,129
2016,138.204,95.4737,36.9802,0.453,723.924,480.792,289.345,191.447,76.693,129
2017,138.7739,95.29,37.422,0.37,707.256,488.817,292.483,196.334,44.063,129
2018,139.2233,95.1036,37.8791,0.277,687.154,499.76,298.509,201.251,9.304,129
2019,139.5756,94.9132,38.3461,0.229,668.571,509.091,302.842,206.249,3.758,129
2020,139.9042,94.7237,38.8121,0.241,656.102,519.058,307.468,211.591,35.526,129
2021,140.1497,94.5307,39.2712,0.109,644.325,567.168,332.102,235.065,1.133,129
2022,140.3375,94.3486,39.7405,0.158,631.239,536.683,311.311,225.372,18.999,129
2015,101.1311,83.8812,32.2642,-0.442,42.325,27.774,14.718,13.056,-27.283,6
2016,100.6828,83.5347,32.5415,-0.446,41.759,27.738,14.777,12.961,-26.804,6
2017,100.194,83.1796,32.8694,-0.527,38.968,27.679,14.579,13.101,-26.326,6
2018,99.6542,82.8194,33.2555,-0.553,37.912,27.777,14.613,13.165,-25.835,6
2019,99.0936,82.4647,33.6764,-0.575,36.521,27.37,14.201,13.169,-25.363,6
2020,98.5669,82.171,34.0683,-0.491,35.016,35.963,18.892,17.071,-12.825,6
2021,98.0528,81.8846,34.4046,-0.555,33.7,36.379,19.696,16.683,-12.825,6
2022,97.6837,81.6836,34.7612,-0.198,32.556,33.059,17.541,15.518,-5.0,6
2015,119.3288,97.0336,28.7904,1.195,183.781,66.978,36.997,29.982,1.084,9
2016,120.6931,97.1592,29.1745,1.079,171.882,65.722,37.0,28.722,1.484,9
2017,121.8462,97.2578,29.6106,0.824,148.053,66.235,36.24,29.995,1.184,9
2018,122.8256,97.3616,30.0868,0.777,142.871,65.539,35.236,30.303,1.583,9
2019,123.7963,97.4803,30.5652,0.797,147.022,65.871,34.846,31.024,0.392,9
2020,124.4278,97.5114,31.0083,0.222,131.92,110.16,61.078,49.082,1.084,9
2021,124.767,97.4245,31.4378,0.322,127.085,94.932,54.551,40.381,1.084,9
2022,125.3124,97.4009,31.9253,0.55,123.673,66.736,35.613,31.123,0.0,9
2015,1739.645,161.7277,29.931,3.502,21.277,2.842,1.774,1.068,29.25,10
2016,1800.3333,164.6577,30.1185,3.359,21.178,2.889,1.808,1.082,29.052,10
2017,1860.5798,167.4872,30.3574,3.227,20.921,2.94,1.83,1.11,29.024,10
2018,1899.5396,167.8224,30.7087,0.942,20.574,2.967,1.829,1.137,-3.601,10
2019,1908.2867,166.4487,31.1607,-0.021,19.828,3.005,1.838,1.167,-17.127,10
2020,1886.9336,165.2362,31.8662,-2.242,18.949,3.362,2.035,1.327,-48.716,10
2021,1868.7937,163.834,32.7458,0.323,17.501,3.638,2.203,1.436,-9.15,10
2022,1880.2465,162.8828,33.3019,0.898,16.861,3.645,2.215,1.43,0.0,10
2015,128.4935,100.4383,34.8858,0.877,13.282,7.534,3.983,3.551,4.655,35
2016,129.6409,100.4192,35.3141,0.901,13.652,7.726,4.166,3.56,4.878,35
2017,130.7925,100.3873,35.747,0.868,13.257,7.782,4.176,3.605,5.014,35
2018,131.9081,100.3862,36.1905,0.831,13.189,8.042,4.141,3.901,4.977,35
2019,132.991,100.3975,36.6372,0.804,13.237,8.301,4.364,3.937,4.948,35
2020,133.9326,100.3768,37.1006,0.607,13.081,8.566,4.599,3.967,2.999,35
2021,134.6524,100.3415,37.5875,0.465,12.82,9.021,4.815,4.206,1.995,35
2022,135.4425,100.3302,38.0711,0.705,12.517,8.706,4.506,4.2,5.0,35
2015,54.2687,89.1902,35.9713,-0.027,59.661,47.346,25.786,21.56,-13.317,48
2016,54.2684,89.0932,36.0179,0.025,58.419,46.865,25.421,21.444,-10.591,48
2017,54.2798,89.0278,36.0696,0.017,56.081,47.578,25.185,22.393,-7.886,48
2018,54.2859,88.9816,36.1236,0.006,54.333,48.926,25.974,22.952,-5.174,48
2019,54.2641,88.9125,36.2025,-0.086,50.739,48.588,25.944,22.643,-5.414,48
2020,54.1936,88.8188,36.2984,-0.174,48.839,52.643,28.036,24.606,-2.734,48
2021,54.0794,88.7401,36.3701,-0.248,50.43,57.023,29.635,27.388,-2.734,48
2022,53.8838,88.6925,36.4617,-0.477,49.106,56.971,29.177,27.794,-9.999,48
2015,86.9739,99.6971,18.5508,2.612,1192.944,187.339,96.172,91.168,-19.49,60
2016,89.1395,99.7916,18.7175,2.311,1168.384,198.653,113.118,85.536,-75.58,60
2017,91.2661,99.8408,18.9127,2.404,1145.887,183.696,101.697,81.999,-9.899,60
2018,93.4994,99.9401,19.1334,2.431,1153.939,173.818,89.621,84.196,6.66,60
2019,95.7402,100.0668,19.3618,2.307,1167.607,178.861,92.811,86.05,-29.88,60
2020,98.0287,100.1796,19.5796,2.416,1179.335,222.816,116.31,106.506,71.539,60
2021,100.2782,100.2817,19.7924,2.125,1192.345,207.099,108.431,98.668,-60.097,60
2022,102.4954,100.3811,20.0129,2.247,1203.188,197.27,103.348,93.922,-6.0,60
2015,369.9939,98.7253,28.8387,1.859,180.293,43.451,21.956,21.495,12.049,62
2016,376.9814,98.8734,28.8601,1.882,183.285,42.981,21.249,21.731,13.263,62
2017,383.9235,99.0131,28.8819,1.768,175.514,43.096,21.735,21.361,14.518,62
2018,390.726,99.1284,28.9251,1.745,175.739,43.833,22.176,21.657,15.615,62
2019,397.723,99.2417,28.9605,1.805,184.394,45.172,22.733,22.44,16.132,62
2020,404.6338,99.3402,28.9923,1.642,175.353,48.137,24.853,23.284,16.569,62
2021,411.2211,99.4229,29.0444,1.588,174.335,49.845,25.517,24.327,16.856,62
2022,417.6089,99.5119,29.0905,1.495,174.675,49.521,25.136,24.384,9.999,62
2015,106.9244,108.6859,21.367,7.244,225.94,29.297,16.971,12.325,490.844,66
2016,112.2222,108.5178,21.6953,2.542,235.628,31.492,18.264,13.227,49.192,66
2017,115.0459,108.3515,22.043,2.429,238.327,32.164,18.731,13.432,41.956,66
2018,117.7992,108.1858,22.3921,2.303,240.188,32.893,19.244,13.648,33.554,66
2019,120.4888,108.021,22.7417,2.213,241.468,33.639,19.768,13.871,28.963,66
2020,123.0795,107.8515,23.0845,2.043,243.141,37.948,22.452,15.496,18.092,66
2021,125.5521,107.6755,23.4092,1.936,244.557,43.1,25.338,17.762,14.374,66
2022,127.1017,107.5007,23.7162,0.526,245.484,44.937,26.298,18.639,-141.192,66
2015,219.3705,149.0166,32.9482,8.097,63.845,6.657,4.558,2.099,259.114,69
2016,227.1908,155.355,33.7293,-0.929,60.579,7.414,5.247,2.167,-90.785,69
2017,231.5021,155.1039,34.4745,4.637,58.329,7.76,5.486,2.275,140.685,69
2018,242.2935,159.8609,35.3555,4.478,57.053,8.708,6.241,2.467,144.967,69
2019,249.2479,160.7996,36.1521,1.228,55.174,9.734,7.065,2.669,9.088,69
2020,244.7213,158.1085,37.2065,-4.951,52.942,14.604,10.824,3.779,-254.177,69
2021,238.5292,156.1205,38.3441,-0.114,44.412,12.398,9.089,3.309,-36.843,69
2022,239.5821,155.1741,39.1288,0.992,41.456,11.107,8.078,3.029,11.999,69
2015,625.5073,98.4028,28.7758,-2.12,115.666,27.578,13.933,13.645,-223.722,72
2016,611.7908,97.5971,28.8294,-2.317,110.828,27.668,14.005,13.663,-228.173,72
2017,597.1898,96.7297,28.7693,-2.516,105.204,27.974,14.201,13.774,-230.947,72
2018,581.7047,95.8046,28.5616,-2.741,98.956,28.539,14.361,14.178,-233.52,72
2019,565.1913,94.8224,28.1535,-3.023,93.362,30.554,15.431,15.123,-237.572,72
2020,553.5605,94.2925,28.0129,-1.116,87.727,35.782,18.538,17.243,-115.146,72
2021,546.6892,94.2465,28.2709,-1.384,84.45,46.727,24.112,22.616,-115.122,72
2022,536.6314,94.1633,28.5161,-2.339,81.179,49.324,25.311,24.013,-160.237,72
2015,13.5437,183.7314,27.8072,5.086,87.985,9.102,5.802,3.3,134.26,100
2016,14.2102,187.1301,28.1451,4.536,90.334,9.355,5.971,3.384,118.472,100
2017,14.6748,187.2885,28.4267,1.94,92.131,9.788,6.255,3.533,5.777,100
2018,14.8664,182.3161,28.6712,0.663,91.717,10.054,6.395,3.659,-51.177,100
2019,14.8716,174.2899,28.8382,-0.592,89.872,10.267,6.495,3.772,-106.864,100
2020,14.6798,163.7502,28.8183,-2.013,86.916,13.991,8.764,5.226,-164.408,100
2021,14.6057,157.0344,28.7573,1.009,83.496,17.206,10.722,6.485,-20.664,100
2022,14.7861,155.5443,28.914,1.443,81.043,15.011,9.287,5.724,0.0,100
2015,208.4043,304.1859,30.2249,8.277,24.016,2.399,1.795,0.604,178.133,109
2016,223.9915,305.7254,30.3188,6.223,25.48,2.503,1.887,0.615,138.455,109
2017,234.0544,298.6617,30.4659,2.646,27.496,2.649,1.978,0.671,46.9,109
2018,238.7996,288.5112,30.7796,1.381,29.263,2.712,2.002,0.71,11.662,109
2019,242.2954,273.6506,31.2012,1.524,30.078,2.776,2.04,0.735,15.493,109
2020,238.2518,265.6171,32.0001,-4.946,30.968,3.465,2.515,0.95,-163.999,109
2021,232.0244,265.9651,33.0372,-0.291,26.529,3.542,2.589,0.953,-30.801,109
2022,232.6189,263.7684,33.6074,0.801,24.497,2.91,2.119,0.791,0.0,109
2015,15.2347,134.3336,28.3034,1.881,638.755,83.169,52.711,30.458,60.337,112
2016,15.5447,136.5759,28.6755,2.146,632.305,86.811,55.182,31.629,171.429,112
2017,15.9061,138.039,28.8138,2.447,643.748,89.911,57.22,32.692,282.947,112
2018,16.2899,138.5003,28.8579,2.322,652.649,92.656,59.317,33.339,253.245,112
2019,16.6663,138.9881,28.9189,2.248,658.884,94.839,60.407,34.431,241.172,112
2020,16.7453,138.2297,29.2466,-1.294,665.93,106.371,68.316,38.054,-1025.295,112
2021,16.7235,136.7627,29.7795,1.036,629.339,103.14,66.522,36.618,-153.883,112
2022,16.9368,135.9676,30.2203,1.496,615.69,100.157,64.054,36.103,28.998,112
2015,125.5477,245.6907,29.223,0.888,102.419,9.044,6.457,2.587,-14.154,136
2016,126.637,242.1692,29.7677,0.839,98.939,9.919,7.018,2.901,-13.52,136
2017,127.6793,238.899,30.3017,0.8,96.361,10.904,7.64,3.264,-12.895,136
2018,128.6913,235.8087,30.8253,0.779,91.874,12.102,8.391,3.712,-8.582,136
2019,129.6978,232.8098,31.3418,0.779,89.806,13.552,9.285,4.267,-4.466,136
2020,130.7627,230.2828,32.0104,0.856,98.648,16.406,10.992,5.414,-2.762,136
2021,131.8589,228.2437,32.8361,0.814,96.536,17.548,11.852,5.697,-2.762,136
2022,132.9287,226.3005,33.3439,0.802,93.343,17.609,11.993,5.616,0.0,136
2015,54.0117,102.5698,17.6397,2.647,968.416,175.134,99.269,75.864,-38.355,140
2016,55.4463,102.5343,17.8191,2.596,976.977,177.297,99.82,77.477,-39.688,140
2017,56.8865,102.4987,17.9997,2.533,983.231,182.794,103.622,79.173,-39.672,140
2018,58.3187,102.4153,18.1774,2.441,995.45,204.264,121.14,83.125,-39.699,140
2019,59.7509,102.3117,18.3558,2.412,1003.19,202.552,117.592,84.96,-39.769,140
2020,61.1475,102.2421,18.5219,2.211,1010.361,210.426,120.082,90.344,-86.1,140
2021,62.4688,102.1775,18.671,2.066,1008.936,226.104,129.581,96.523,-101.468,140
2022,63.823,102.0979,18.8385,2.222,1008.643,230.064,132.651,97.413,-29.998,140
2015,47.8074,85.9833,38.8121,0.085,121.637,127.107,63.237,63.87,13.681,12
2016,47.8444,85.9799,38.9691,0.07,118.469,126.937,62.944,63.993,15.258,12
2017,47.8433,85.9554,39.1696,-0.075,104.281,127.46,63.194,64.265,15.937,12
2018,47.7826,85.9083,39.4283,-0.179,95.501,128.588,64.015,64.574,15.731,12
2019,47.6762,85.8135,39.7091,-0.267,93.218,134.161,69.064,65.097,15.082,12
2020,47.4779,85.6668,39.9553,-0.567,91.163,159.349,81.79,77.56,13.589,12
2021,47.204,85.5097,40.1702,-0.59,88.853,158.349,81.494,76.856,12.961,12
2022,46.9911,85.3359,40.4262,-0.313,87.252,147.458,75.308,72.15,30.308,12
2015,67.431,94.0441,42.6183,-0.879,67.378,116.272,59.44,56.832,-15.356,20
2016,66.8472,94.0768,42.8914,-0.86,66.073,113.43,58.39,55.04,-14.947,20
2017,66.261,94.0947,43.1871,-0.902,64.734,115.964,59.246,56.718,-13.56,20
2018,65.6614,94.1397,43.5348,-0.916,62.826,115.908,58.169,57.739,-12.115,20
2019,65.0627,94.1981,43.9188,-0.916,61.637,114.802,57.947,56.855,-11.439,20
2020,64.3859,94.1952,44.2735,-1.177,59.781,131.998,67.998,64.0,-9.902,20
2021,63.5251,94.1588,44.532,-1.518,58.112,153.894,77.889,76.005,-8.716,20
2022,62.5665,94.1492,44.6851,-1.524,56.663,155.197,77.568,77.629,-4.8,20
2015,136.3133,96.6395,40.3423,0.04,110.124,111.161,55.833,55.328,5.297,36
2016,136.3625,96.7437,40.7359,0.032,111.541,107.905,54.776,53.13,-0.3,36
2017,136.4106,96.844,41.1316,0.039,112.677,111.403,56.223,55.18,2.809,36
2018,136.4532,96.9424,41.5126,0.024,111.903,112.614,56.904,55.71,3.193,36
2019,136.4827,97.0393,41.8798,0.02,109.738,111.682,56.693,54.989,4.03,36
2020,136.406,97.0809,42.2465,-0.132,107.036,124.567,63.816,60.751,3.621,36
2021,136.1443,97.04,42.6068,-0.252,103.948,134.058,70.074,63.983,3.621,36
2022,135.9272,97.0881,42.899,-0.067,101.555,130.607,67.765,62.842,22.011,36
2015,108.7402,91.0868,40.7459,-0.258,92.141,131.66,63.479,68.182,14.166,56
2016,108.4183,91.2215,41.0736,-0.336,95.053,127.004,62.643,64.361,-0.982,56
2017,108.1292,91.371,41.431,-0.198,94.208,131.642,63.979,67.664,18.044,56
2018,107.9903,91.6054,41.7756,-0.059,93.111,130.864,63.924,66.94,31.976,56
2019,107.9399,91.8596,42.1206,-0.034,92.375,129.283,62.694,66.588,33.559,56
2020,107.7054,92.0135,42.4566,-0.401,92.544,140.677,68.518,72.159,9.042,56
2021,107.2549,92.0637,42.7384,-0.437,91.895,154.245,76.526,77.719,19.87,56
2022,110.0995,92.3463,42.2639,5.595,91.371,149.893,73.72,76.174,616.038,56
2015,125.9108,93.8027,38.6766,-0.108,379.211,395.527,204.861,190.666,-25.426,106
2016,125.8422,93.7788,39.0643,-0.001,390.297,388.657,202.528,186.129,-1.967,106
2017,125.8444,93.762,39.4367,0.004,407.67,403.958,208.15,195.808,-1.983,106
2018,125.8074,93.7565,39.7997,-0.063,399.342,415.046,214.133,200.913,-8.736,106
2019,125.7164,93.7491,40.1702,-0.081,382.527,410.825,212.014,198.81,-2.974,106
2020,125.5033,93.7093,40.5324,-0.258,372.99,471.412,246.625,224.786,-0.779,106
2021,125.1093,93.6359,40.8707,-0.371,363.427,502.541,261.969,240.572,-2.968,106
2022,130.1696,93.8438,40.2915,8.136,353.84,479.303,247.042,232.261,3366.387,106
2015,86.5196,93.877,39.8718,-0.535,208.354,265.287,135.649,129.637,-49.612,110
2016,86.049,93.9084,40.2325,-0.555,213.829,259.803,133.913,125.89,-64.002,110
2017,85.6189,93.9089,40.6033,-0.447,217.448,246.673,130.375,116.298,-58.735,110
2018,85.2187,93.872,40.9767,-0.491,210.595,248.91,132.016,116.895,-57.865,110
2019,84.8598,93.821,41.3343,-0.353,203.903,247.408,129.921,117.487,-25.453,110
2020,84.5027,93.7193,41.6356,-0.491,199.088,281.742,150.44,131.302,-12.724,110
2021,84.0095,93.6035,41.8733,-0.681,195.366,314.232,162.731,151.501,-12.724,110
2022,85.4468,93.6915,41.515,4.034,191.763,315.586,160.143,155.443,916.813,110
2015,110.6284,95.1119,38.2195,0.086,55.758,53.749,27.42,26.329,2.637,117
2016,110.7663,95.205,38.6266,0.163,57.494,52.302,26.742,25.56,3.682,117
2017,110.9338,95.2862,39.0268,0.139,57.893,53.877,27.439,26.437,3.542,117
2018,111.0833,95.3611,39.4217,0.13,57.576,54.236,27.726,26.509,3.752,117
2019,111.2297,95.4208,39.823,0.133,57.02,53.137,27.345,25.793,3.378,117
2020,111.2859,95.4392,40.222,-0.032,55.73,59.217,30.454,28.763,1.746,117
2021,111.1011,95.4138,40.5719,-0.301,54.351,72.471,37.337,35.133,1.746,117
2022,115.095,95.5518,40.0585,7.233,53.357,70.326,36.109,34.217,425.001,117
2015,77.6472,86.1803,39.1054,-0.3,482.958,596.083,304.656,291.428,-21.937,135
2016,77.39,86.2478,39.3663,-0.363,459.407,568.014,291.137,276.877,-54.333,135
2017,77.0856,86.3039,39.6455,-0.425,419.297,558.528,289.483,269.045,-50.447,135
2018,76.7226,86.3476,39.9334,-0.52,385.479,583.125,304.222,278.902,-33.273,135
2019,76.3155,86.3055,40.2286,-0.545,353.538,586.531,306.31,280.221,-7.812,135
2020,75.7952,86.2351,40.511,-0.825,338.972,698.849,342.956,355.893,-2.173,135
2021,75.1423,86.1583,40.7642,-0.906,336.096,731.364,374.002,357.362,0.831,135
2022,68.5316,84.9081,42.8534,-18.35,329.618,920.958,463.35,457.608,-6673.58,135
2015,133.9292,98.6201,40.5813,0.484,57.868,52.741,26.349,26.392,22.368,37
2016,134.6147,98.6936,40.7536,0.537,60.597,52.83,26.483,26.347,22.859,37
2017,135.3325,98.7632,40.9183,0.527,60.31,53.281,26.929,26.352,23.188,37
2018,136.026,98.8264,41.0549,0.496,60.478,55.232,27.97,27.262,23.337,37
2019,136.7146,98.8859,41.1443,0.514,60.455,53.955,27.504,26.452,23.305,37
2020,137.4166,98.9387,41.2176,0.51,61.396,54.744,27.973,26.771,23.076,37
2021,138.0913,98.9828,41.2611,0.469,63.148,58.422,30.015,28.407,22.746,37
2022,138.7522,99.0105,41.2913,0.486,64.107,55.539,28.473,27.066,19.999,37
2015,30.2456,88.0481,40.5662,0.213,13.789,15.297,7.226,8.071,4.308,43
2016,30.2748,88.3189,40.6912,-0.02,14.023,15.447,7.333,8.114,1.164,43
2017,30.3122,88.7065,40.8807,0.266,13.813,15.631,7.325,8.306,5.329,43
2018,30.418,89.2169,41.0478,0.43,14.282,15.829,7.415,8.414,7.229,43
2019,30.5305,89.7002,41.2155,0.309,14.158,15.474,7.253,8.221,5.41,43
2020,30.5858,90.0282,41.3723,0.054,13.902,16.18,7.595,8.586,2.995,43
2021,30.5687,90.2137,41.4742,-0.166,13.639,18.826,8.92,9.906,2.995,43
2022,30.508,90.3918,41.6302,-0.232,13.422,15.506,7.141,8.365,-1.0,43
2015,18.1212,96.9052,41.4549,0.283,55.285,52.187,25.844,26.343,12.433,45
2016,18.1733,97.0795,41.4959,0.291,52.673,53.896,26.921,26.976,17.21,45
2017,18.216,97.253,41.5904,0.179,50.169,53.627,26.839,26.788,13.307,45
2018,18.2402,97.3854,41.7632,0.087,47.532,54.386,27.15,27.236,11.646,45
2019,18.2603,97.4956,41.9727,0.133,45.79,53.997,27.071,26.926,15.558,45
2020,18.2865,97.5903,42.1777,0.154,46.241,55.208,27.832,27.376,17.482,45
2021,18.3081,97.6458,42.3676,0.082,46.891,57.283,29.05,28.234,14.928,45
2022,18.3238,97.6762,42.5611,0.09,47.136,56.171,28.064,28.107,13.999,45
2015,3.3026,100.9832,34.9683,1.032,4.125,2.183,1.068,1.116,1.477,57
2016,3.3486,101.7093,35.2086,1.732,4.012,2.313,1.2,1.113,4.113,57
2017,3.428,103.0844,35.3375,2.94,4.001,2.227,1.113,1.114,8.316,57
2018,3.5209,104.4624,35.3986,2.416,4.171,2.248,1.138,1.11,6.611,57
2019,3.599,105.2345,35.4861,1.977,4.402,2.413,1.23,1.183,5.152,57
2020,3.6578,105.3231,35.6266,1.27,4.534,2.456,1.261,1.195,2.573,57
2021,3.6944,105.1575,35.8576,0.722,4.572,2.512,1.299,1.214,0.622,57
2022,3.7199,105.1547,36.1535,0.658,4.568,2.508,1.291,1.216,0.38,57
2015,68.2458,97.8928,35.367,1.036,65.037,29.845,15.056,14.789,13.13,61
2016,68.9775,97.9809,35.7362,1.097,63.114,30.359,15.447,14.911,18.978,61
2017,69.7976,98.0457,36.1228,1.266,61.312,30.119,15.269,14.85,29.2,61
2018,70.714,98.1198,36.4965,1.343,61.865,30.601,15.594,15.007,33.647,61
2019,71.6138,98.1488,36.8818,1.187,60.463,31.457,16.061,15.396,29.113,61
2020,72.3466,98.1775,37.2536,0.851,59.67,32.911,16.704,16.206,15.32,61
2021,72.9376,98.2236,37.6024,0.777,58.563,35.151,18.112,17.039,15.32,61
2022,73.4727,98.2582,37.9529,0.686,57.561,33.121,17.033,16.088,9.999,61
2015,32.0111,84.554,42.0626,-0.937,22.232,29.737,13.903,15.834,-11.163,71
2016,31.7141,84.8385,42.344,-0.927,22.058,30.012,14.109,15.904,-10.34,71
2017,31.415,85.125,42.6089,-0.969,20.884,30.315,14.201,16.113,-9.498,71
2018,31.106,85.4131,42.8738,-1.009,19.434,30.338,14.165,16.174,-8.632,71
2019,30.7994,85.703,43.1503,-0.972,18.693,29.413,13.609,15.805,-7.903,71
2020,30.486,85.9961,43.411,-1.075,17.545,30.538,14.074,16.464,-7.381,71
2021,30.1142,86.2889,43.59,-1.381,17.024,36.094,16.562,19.532,-6.815,71
2022,29.7403,86.514,43.758,-1.116,16.531,28.713,13.04,15.674,-8.466,71
2015,47.3286,86.2102,42.0752,-1.034,32.015,43.765,21.493,22.272,-18.912,76
2016,46.8481,86.5682,42.3994,-1.006,31.174,43.359,21.388,21.971,-17.334,76
2017,46.3814,86.9616,42.7079,-0.996,29.6,42.582,20.378,22.204,-15.937,76
2018,45.9291,87.3843,43.0037,-0.964,29.026,42.305,20.19,22.115,-14.451,76
2019,45.4972,87.7858,43.2898,-0.925,28.075,41.043,19.679,21.364,-13.398,76
2020,45.0371,88.1347,43.5331,-1.109,27.494,46.127,22.505,23.622,-12.625,76
2021,44.5003,88.4256,43.6935,-1.291,26.862,50.975,24.893,26.082,-11.853,76
2022,43.9159,88.5672,43.8283,-1.354,26.206,48.246,23.247,24.999,-15.192,76
2015,17.0609,101.3206,38.1772,0.928,58.582,40.759,19.711,21.047,30.329,99
2016,17.2128,101.466,38.2824,0.846,58.55,40.656,19.624,21.033,26.425,99
2017,17.3469,101.5486,38.4101,0.707,56.423,40.727,19.605,21.122,21.584,99
2018,17.4618,101.5769,38.5911,0.613,54.982,40.808,19.826,20.982,18.388,99
2019,17.58,101.651,38.7978,0.736,54.384,40.586,20.003,20.583,25.564,99
2020,17.6837,101.7399,39.0439,0.442,53.588,40.578,20.019,20.56,10.756,99
2021,17.7599,101.7964,39.3297,0.418,53.868,41.871,20.85,21.021,10.604,99
2022,17.8628,101.8523,39.5754,0.736,53.988,41.989,20.946,21.043,27.998,99
2015,24.1797,100.2723,39.7884,1.037,115.078,90.926,44.448,46.477,77.987,126
2016,24.4349,100.4975,39.7655,1.063,117.061,90.93,44.328,46.602,79.667,126
2017,24.6924,100.7234,39.7045,1.034,115.038,91.854,44.821,47.032,80.765,126
2018,24.948,100.9435,39.6266,1.026,114.949,92.179,45.436,46.743,81.492,126
2019,25.2073,101.1521,39.558,1.042,114.109,88.702,43.995,44.707,81.585,126
2020,25.4553,101.3422,39.5125,0.917,112.361,98.316,49.401,48.915,81.066,126
2021,25.6962,101.5002,39.4931,0.966,113.322,92.278,47.217,45.061,80.097,126
2022,25.8981,101.603,39.5572,0.601,114.08,90.728,44.958,45.771,39.998,126
2015,268.6994,97.0746,38.9725,0.663,780.094,601.754,292.155,309.599,254.218,137
2016,270.4743,97.2055,39.0166,0.654,777.997,595.812,292.311,303.5,246.94,137
2017,272.1617,97.324,39.0629,0.59,756.659,605.595,297.982,307.613,239.014,137
2018,273.6785,97.4339,39.1362,0.521,731.289,615.56,303.818,311.742,230.577,137
2019,275.1025,97.5314,39.2746,0.517,709.079,585.237,290.314,294.923,221.179,137
2020,276.2594,97.5993,39.4505,0.323,678.528,672.991,340.009,332.982,211.063,137
2021,277.1721,97.6386,39.637,0.337,677.219,652.723,331.65,321.073,202.027,137
2022,278.111,97.6925,39.8468,0.34,676.887,613.41,304.21,309.2,165.79,137
2015,105.2077,100.6322,34.6879,-0.047,33.845,22.954,13.262,9.692,-12.24,2
2016,105.156,100.5754,35.1211,-0.052,32.584,23.192,13.443,9.749,-10.887,2
2017,105.0936,100.487,35.565,-0.067,31.35,23.507,13.626,9.881,-9.768,2
2018,105.0081,100.3764,36.0199,-0.096,30.304,23.939,13.896,10.043,-9.106,2
2019,104.8939,100.243,36.483,-0.122,29.773,24.41,14.178,10.232,-8.889,2
2020,104.6371,100.0478,36.9044,-0.368,29.535,30.97,18.095,12.876,-9.117,2
2021,104.1941,99.804,37.2731,-0.48,29.289,32.392,18.967,13.425,-10.612,2
2022,103.7419,99.5301,37.5806,-0.389,28.795,31.863,18.601,13.261,-8.0,2
2015,68.8385,95.8604,39.5311,-1.282,31.311,42.532,20.372,22.16,-33.976,17
2016,67.992,96.1211,39.9337,-1.192,31.308,40.609,19.787,20.822,-32.195,17
2017,67.192,96.3481,40.3454,-1.175,31.166,40.917,20.231,20.686,-30.669,17
2018,66.4127,96.5515,40.7493,-1.158,30.959,41.164,20.466,20.699,-29.154,17
2019,65.6427,96.7391,41.149,-1.175,29.754,41.386,20.681,20.706,-27.848,17
2020,64.8164,96.8735,41.514,-1.36,28.685,46.952,24.154,22.798,-26.857,17
2021,63.8893,96.9527,41.8226,-1.522,27.646,51.587,26.519,25.067,-25.865,17
2022,63.1585,96.9606,42.045,-0.774,26.764,51.298,26.354,24.944,-0.5,17
2015,76.1202,93.731,42.1602,-0.759,37.817,56.685,27.511,29.174,-13.408,34
2016,75.5645,93.9399,42.4416,-0.707,37.675,53.955,26.47,27.485,-13.569,34
2017,75.0048,94.1586,42.7236,-0.78,37.027,56.089,27.067,29.021,-13.654,34
2018,74.4326,94.3832,42.9928,-0.751,37.421,55.495,27.209,28.285,-13.171,34
2019,73.8828,94.5929,43.2622,-0.732,36.7,54.451,26.539,27.912,-12.48,34
2020,73.2945,94.7909,43.5132,-0.867,35.757,59.705,29.218,30.487,-11.592,34
2021,72.6373,94.8908,43.73,-0.934,34.733,62.262,32.096,30.166,-10.402,34
2022,72.1046,94.9559,43.951,-0.537,33.924,53.542,25.755,27.787,-2.0,34
2015,82.6069,96.441,42.3922,-0.551,89.377,119.604,67.416,52.188,-29.315,51
2016,82.172,96.3163,42.7716,-0.505,88.82,115.838,64.873,50.965,-27.234,51
2017,81.7324,96.2289,43.1508,-0.568,85.894,121.62,68.166,53.454,-25.061,51
2018,81.2817,96.1578,43.5434,-0.537,83.495,117.025,66.003,51.023,-23.6,51
2019,80.8288,96.1108,43.9489,-0.58,81.148,120.923,67.762,53.161,-21.581,51
2020,80.3565,96.0782,44.3513,-0.592,81.073,125.443,70.464,54.979,-17.853,51
2021,79.8453,96.0291,44.7398,-0.685,79.072,135.773,76.641,59.132,-14.806,51
2022,79.3837,95.8477,45.1012,-0.475,77.141,131.429,74.401,57.029,5.0,51
2015,203.5067,94.1613,44.3673,-0.215,478.543,642.236,304.617,337.619,34.031,63
2016,203.1206,94.3565,44.7707,-0.164,465.826,614.303,294.856,319.447,49.591,63
2017,202.7334,94.5907,45.1678,-0.217,450.84,651.61,310.456,341.154,70.475,63
2018,202.3057,94.8284,45.5664,-0.205,432.061,630.845,300.708,330.138,75.863,63
2019,201.8006,94.9493,45.9943,-0.295,418.113,615.795,293.835,321.96,21.615,63
2020,201.0324,95.0029,46.4191,-0.468,410.093,716.753,347.816,368.938,28.021,63
2021,200.1532,95.0808,46.8339,-0.408,410.487,680.373,331.629,348.743,28.021,63
2022,199.4678,95.1742,47.2653,-0.278,407.303,629.652,301.063,328.589,58.496,63
2015,1449.4556,102.0974,39.2281,2.337,4.436,3.208,1.699,1.509,9.443,82
2016,1484.7778,103.1407,39.1499,2.476,4.583,3.245,1.654,1.59,10.239,82
2017,1522.2127,104.2259,39.0678,2.503,4.413,3.24,1.755,1.485,10.836,82
2018,1560.5905,105.3087,39.0012,2.477,4.463,3.471,1.87,1.601,11.18,82
2019,1598.8397,106.4072,38.9724,2.367,4.318,3.644,1.946,1.698,11.247,82
2020,1636.0571,107.4318,38.9811,2.237,4.509,3.837,2.171,1.666,10.854,82
2021,1672.2159,108.389,39.0125,2.137,4.664,3.819,2.093,1.727,10.408,82
2022,1692.9714,108.8991,39.2926,0.342,4.857,3.883,2.026,1.857,0.85,82
2015,45.8997,95.1732,36.5143,-0.097,7.725,6.4,3.294,3.106,-1.943,87
2016,45.8488,95.1954,36.8074,-0.125,7.848,6.518,3.378,3.14,-2.111,87
2017,45.789,95.1912,37.097,-0.136,7.712,6.592,3.472,3.12,-1.98,87
2018,45.7178,95.1855,37.3903,-0.175,7.529,6.618,3.427,3.191,-2.024,87
2019,45.6412,95.1612,37.6803,-0.161,7.429,6.801,3.625,3.176,-1.636,87
2020,45.5435,95.0946,37.9482,-0.268,7.114,7.473,3.964,3.509,-1.326,87
2021,45.4575,95.0038,38.1876,-0.11,6.965,7.556,4.072,3.484,-0.101,87
2022,45.4013,94.9074,38.4367,-0.137,6.859,7.241,3.863,3.378,-0.48,87
2015,84.6129,99.6678,36.1474,0.107,23.478,19.853,10.527,9.325,-1.378,98
2016,84.7026,99.629,36.484,0.105,23.318,19.936,10.635,9.302,-1.164,98
2017,84.7742,99.5943,36.8369,0.064,22.198,19.83,10.45,9.38,-1.018,98
2018,84.8349,99.565,37.2145,0.079,21.705,19.025,10.125,8.901,-1.0,98
2019,84.8624,99.5373,37.6107,-0.014,20.447,19.763,10.39,9.373,-0.987,98
2020,84.7377,99.4989,37.9699,-0.28,20.295,25.72,13.542,12.178,-0.486,98
2021,84.427,99.4372,38.2649,-0.455,20.114,29.194,15.32,13.874,-0.486,98
2022,84.0364,99.3764,38.5445,-0.472,19.992,28.889,15.087,13.801,-1.0,98
2015,112.6861,90.1978,42.7814,-0.324,85.275,108.687,54.246,54.441,-10.124,107
2016,112.3308,90.0189,43.2169,-0.308,86.863,110.566,55.579,54.987,-8.128,107
2017,112.0566,89.8451,43.632,-0.181,86.042,109.892,54.979,54.913,5.244,107
2018,111.8643,89.5943,44.0163,-0.163,86.504,113.469,56.811,56.658,10.177,107
2019,111.8652,89.4245,44.3621,0.165,85.439,112.138,55.834,56.304,43.656,107
2020,111.9551,89.3635,44.6768,-0.004,82.935,123.874,61.395,62.479,40.535,107
2021,111.8672,89.3174,44.9975,-0.153,80.48,123.55,62.854,60.696,27.295,107
2022,111.658,89.3353,45.3694,-0.221,80.033,112.744,55.307,57.437,9.999,107
2015,97.9918,92.2198,41.6589,-0.348,70.873,104.426,53.781,50.645,7.368,114
2016,97.6502,92.1781,41.8582,-0.35,70.071,102.209,52.532,49.677,5.901,114
2017,97.28,92.1548,42.0704,-0.41,70.179,105.22,53.322,51.898,4.465,114
2018,96.8752,92.1481,42.2954,-0.424,69.38,104.262,52.766,51.497,3.346,114
2019,96.4483,92.1308,42.5394,-0.459,69.672,104.149,53.127,51.022,0.489,114
2020,95.8873,92.0797,42.7569,-0.708,68.556,120.926,61.997,58.929,0.243,114
2021,95.0892,92.0375,42.8989,-0.964,67.609,138.202,68.991,69.212,0.243,114
2022,94.1066,92.0525,43.014,-1.114,66.557,137.003,67.145,69.858,-9.999,114
2015,103.3301,98.4372,41.6365,0.451,21.162,19.715,9.648,10.067,7.934,118
2016,103.7849,98.9056,41.8773,0.427,20.894,19.65,9.616,10.034,7.684,118
2017,104.2006,99.3699,42.1202,0.372,20.834,20.476,10.093,10.383,7.46,118
2018,104.5746,99.8357,42.3699,0.344,20.231,20.534,10.128,10.406,7.559,118
2019,104.9211,100.3074,42.6415,0.317,19.865,20.599,10.078,10.521,7.427,118
2020,105.1565,100.792,42.914,0.131,19.126,24.03,11.783,12.247,7.681,118
2021,105.2443,101.0373,43.1971,0.036,19.147,22.948,11.777,11.171,4.568,118
2022,105.2659,101.0799,43.5361,0.005,18.836,20.737,10.205,10.532,2.0,118
2015,92.4275,96.5765,41.5468,-0.008,417.745,420.377,211.538,208.839,-0.871,122
2016,92.5111,96.4471,41.9935,0.188,407.102,408.659,207.32,201.339,89.021,122
2017,92.7318,96.3115,42.4063,0.288,389.062,422.287,212.335,209.953,167.475,122
2018,93.1456,96.2027,42.7789,0.602,367.754,425.324,214.362,210.962,339.064,122
2019,93.821,96.1483,43.1269,0.843,354.681,416.467,210.5,205.967,458.942,122
2020,94.2837,96.1147,43.4948,0.143,352.0,493.075,248.454,244.622,208.791,122
2021,94.5288,96.1037,43.8822,0.376,357.652,454.123,232.615,221.508,275.022,122
2022,94.6715,96.1216,44.322,-0.074,356.359,431.513,218.185,213.328,39.998,122
2015,104.7325,96.1506,41.9899,1.338,83.521,83.022,39.804,43.218,115.125,8
2016,105.8724,96.5899,41.9999,0.83,86.827,80.598,38.899,41.699,66.282,8
2017,106.6118,96.7235,42.1083,0.563,87.092,83.154,39.828,43.326,45.573,8
2018,107.1331,96.7746,42.2679,0.413,85.281,84.162,40.793,43.369,35.404,8
2019,107.6108,96.8075,42.4275,0.477,84.744,83.514,40.78,42.734,41.105,8
2020,107.9482,96.8602,42.5854,0.15,83.345,90.324,44.901,45.423,20.314,8
2021,108.1215,96.9132,42.7534,0.171,84.647,89.691,45.14,44.551,20.314,8
2022,108.334,96.9768,42.9347,0.222,84.394,84.585,41.609,42.976,19.999,8
2015,371.5009,96.7674,40.4835,0.6,121.285,110.843,53.722,57.12,57.008,13
2016,373.7643,96.9159,40.5354,0.615,121.005,108.163,53.394,54.769,56.781,13
2017,375.9987,97.0536,40.58,0.577,119.292,109.875,53.871,56.004,56.248,13
2018,378.116,97.1996,40.6321,0.546,118.034,110.929,54.089,56.84,55.439,13
2019,380.1628,97.346,40.7087,0.534,116.136,109.123,53.304,55.818,54.395,13
2020,381.8521,97.4859,40.7799,0.354,114.894,127.44,62.412,65.028,53.428,13
2021,383.4936,97.5882,40.867,0.504,116.448,110.28,56.004,54.276,52.356,13
2022,384.9637,97.671,41.0417,0.262,117.003,110.497,53.881,56.616,23.999,13
2015,115.7274,93.685,40.4224,0.296,752.498,582.205,290.159,292.047,18.807,46
2016,116.053,93.6691,40.6494,0.266,735.849,580.585,289.263,291.322,14.729,46
2017,116.3337,93.6577,40.8525,0.218,721.051,594.684,293.788,300.896,13.175,46
2018,116.5762,93.648,41.0325,0.199,710.43,596.919,296.329,300.589,14.391,46
2019,116.7974,93.6339,41.218,0.18,701.3,602.7,299.116,303.584,17.403,46
2020,116.943,93.6113,41.4032,0.069,681.905,655.662,327.523,328.139,18.335,46
2021,117.0362,93.5776,41.5913,0.09,677.303,639.714,321.726,317.988,20.614,46
2022,117.2089,93.5182,41.7954,0.205,672.88,607.306,298.749,308.556,66.601,46
2015,235.4637,97.1121,44.7087,0.257,739.919,926.561,449.657,476.904,397.921,49
2016,236.2044,97.2403,44.8604,0.371,784.473,911.364,447.891,463.473,432.017,49
2017,237.0449,97.3187,44.9519,0.34,783.444,933.472,457.704,475.768,430.803,49
2018,237.8262,97.3643,44.9969,0.318,779.291,908.011,454.966,453.046,392.587,49
2019,238.5476,97.3864,44.9945,0.287,771.867,893.404,448.463,444.942,360.56,49
2020,239.0664,97.3988,44.9498,0.147,760.378,971.767,490.963,480.803,334.055,49
2021,239.2947,97.3954,44.8742,0.044,763.168,1039.44,527.863,511.577,312.735,49
2022,239.1836,97.402,44.8482,-0.137,761.194,1029.665,519.305,510.36,154.592,49
2015,219.8485,100.5977,38.261,2.349,5.992,3.99,1.965,2.025,11.373,77
2016,225.232,100.8463,38.3353,2.487,5.966,3.993,2.051,1.942,12.535,77
2017,230.2249,100.9783,38.4116,1.904,6.068,4.281,2.138,2.143,9.563,77
2018,234.7154,101.1099,38.4537,1.959,6.16,4.348,2.206,2.142,10.096,77
2019,239.3718,101.1972,38.481,1.97,6.167,4.309,2.198,2.111,10.365,77
2020,243.3975,101.2789,38.5547,1.371,6.469,4.78,2.474,2.306,6.952,77
2021,246.8421,101.3264,38.7351,1.439,6.589,4.341,2.228,2.114,6.949,77
2022,250.0382,101.3303,38.994,1.136,6.675,4.542,2.322,2.22,5.222,77
2015,506.1064,98.3486,41.1868,0.485,172.266,147.236,71.062,76.175,57.677,93
2016,508.5832,98.435,41.3425,0.491,173.668,149.107,72.234,76.874,59.528,93
2017,511.0391,98.5249,41.4608,0.472,171.027,150.325,72.627,77.698,60.585,93
2018,513.3807,98.6116,41.5544,0.442,169.248,153.598,74.623,78.975,60.758,93
2019,515.6741,98.6871,41.6364,0.449,169.827,152.075,74.413,77.662,60.266,93
2020,517.7915,98.7381,41.6988,0.37,173.058,167.303,83.775,83.528,58.816,93
2021,519.7854,98.7655,41.7376,0.398,180.273,168.003,84.59,83.413,57.439,93
2022,521.6362,98.8167,41.8288,0.313,181.387,156.455,77.176,79.279,29.998,93
2015,207.0847,97.9264,41.2462,1.082,85.758,67.634,32.619,35.015,71.488,127
2016,209.3643,98.1498,41.3043,1.107,86.933,64.852,31.188,33.664,70.637,127
2017,211.3344,98.3159,41.3715,0.768,86.659,66.996,32.382,34.614,45.208,127
2018,212.9034,98.3552,41.4674,0.712,87.004,67.281,32.436,34.845,40.899,127
2019,214.4326,98.4,41.5689,0.719,85.93,67.786,32.688,35.099,43.546,127
2020,216.0085,98.4698,41.6559,0.745,86.564,75.992,37.532,38.46,53.786,127
2021,217.3286,98.551,41.832,0.474,87.086,69.734,34.38,35.354,23.872,127
2022,218.5555,98.6454,42.0936,0.651,86.479,69.565,33.639,35.926,39.998,127
2015,215.3926,101.626,25.279,1.182,214.628,61.31,35.671,25.639,-30.31,39
2016,217.9129,101.5062,25.5745,1.145,213.572,62.878,36.328,26.55,-30.181,39
2017,220.3896,101.3923,25.875,1.116,213.169,64.319,37.0,27.319,-30.055,39
2018,222.8381,101.2799,26.1776,1.094,213.047,65.334,37.588,27.746,-29.944,39
2019,225.2465,101.1635,26.4864,1.056,210.196,65.436,37.889,27.547,-29.83,39
2020,227.6845,101.0106,26.7972,1.097,206.696,71.096,42.512,28.585,-14.966,39
2021,230.1313,100.8413,27.1049,1.041,205.05,74.29,43.327,30.963,-14.966,39
2022,232.4278,100.7097,27.426,0.945,203.625,68.221,39.171,29.05,-29.294,39
2015,383.1752,98.6569,21.6219,1.426,269.909,86.56,47.191,39.369,-32.698,54
2016,388.6194,98.5987,21.8624,1.396,271.005,87.574,48.031,39.543,-33.902,54
2017,394.0492,98.5343,22.0983,1.38,271.823,87.199,47.931,39.269,-34.766,54
2018,399.4494,98.4691,22.3322,1.343,271.104,88.213,48.517,39.696,-35.007,54
2019,404.8184,98.3969,22.5657,1.327,271.669,88.896,49.289,39.606,-34.635,54
2020,410.1274,98.316,22.7959,1.279,271.045,92.58,51.317,41.263,-33.872,54
2021,415.2334,98.236,23.0217,1.196,269.377,99.459,54.563,44.895,-32.977,54
2022,420.2182,98.1599,23.2466,1.19,268.523,98.374,54.048,44.326,-32.248,54
2015,258.0281,98.636,27.8185,0.343,39.55,18.631,9.481,9.149,-11.329,64
2016,258.79,98.6507,28.3022,0.247,37.82,19.573,10.228,9.345,-11.329,64
2017,259.3145,98.6349,28.7991,0.158,35.865,20.102,10.595,9.507,-11.329,64
2018,259.6339,98.6011,29.3101,0.088,34.423,20.616,10.951,9.666,-11.329,64
2019,259.8128,98.5563,29.8287,0.05,33.815,21.08,11.202,9.878,-11.329,64
2020,260.428,98.515,30.3358,0.423,33.317,21.386,11.322,10.064,0.0,64
2021,261.0983,98.4705,30.8159,0.092,33.15,24.899,13.164,11.735,-5.664,64
2022,261.069,98.4126,31.2957,-0.114,32.663,24.89,13.193,11.697,-10.999,64
2015,402.3625,91.1833,39.7931,-1.812,32.265,30.876,17.691,13.185,-64.764,108
2016,394.931,90.9592,40.792,-1.917,30.154,30.146,17.493,12.653,-65.824,108
2017,387.2996,90.7104,41.8227,-1.986,26.996,31.567,18.125,13.442,-62.275,108
2018,381.8763,90.4224,42.6319,-0.826,22.578,32.684,19.209,13.475,-17.32,108
2019,378.8411,90.1061,43.1691,-0.769,26.097,35.429,20.567,14.862,-16.013,108
2020,376.388,89.7965,43.617,-0.529,26.79,36.682,21.136,15.546,-7.408,108
2021,374.6005,89.5196,44.0333,-0.423,26.548,32.914,18.827,14.088,-7.408,108
2022,374.184,89.2841,44.3079,0.201,26.058,36.23,20.352,15.878,16.702,108
2015,284.6348,97.1675,32.6504,0.641,19.866,9.926,5.556,4.369,-0.583,131
2016,286.419,97.0657,33.151,0.609,19.529,10.482,5.839,4.643,-0.103,131
2017,288.2275,96.9999,33.643,0.649,19.076,10.914,6.098,4.816,1.446,131
2018,293.3156,97.6749,33.9975,2.831,18.67,11.571,6.459,5.112,35.502,131
2019,296.2875,97.8959,34.4291,-0.797,18.904,11.779,6.583,5.196,-19.248,131
2020,295.9351,97.4254,34.9993,0.559,18.119,11.982,6.681,5.302,2.37,131
2021,297.4002,97.4014,35.4639,0.429,17.814,13.917,7.703,6.214,2.632,131
2022,298.4492,97.311,35.9451,0.276,17.429,12.398,6.876,5.522,-0.8,131
2015,15.7769,101.1514,22.8089,2.076,7.798,1.688,1.038,0.65,1.363,14
2016,16.1031,101.2511,23.1874,2.018,7.832,1.722,1.057,0.665,1.283,14
2017,16.4267,101.3334,23.5649,1.961,7.905,1.763,1.082,0.681,1.222,14
2018,16.7499,101.3979,23.9389,1.936,8.018,1.808,1.111,0.697,1.185,14
2019,17.0581,101.446,24.3348,1.712,7.333,1.835,1.127,0.708,1.164,14
2020,17.3135,101.3765,24.7558,1.263,7.06,2.071,1.284,0.787,0.0,14
2021,17.5375,101.2223,25.1649,1.308,7.186,2.54,1.563,0.977,0.577,14
2022,17.7673,101.1023,25.5571,1.296,7.193,2.532,1.549,0.984,0.6,14
2015,95.8723,100.6105,30.1648,1.032,71.053,24.629,13.804,10.825,4.065,33
2016,96.8509,100.5423,30.6022,1.0,69.914,24.642,13.902,10.74,4.15,33
2017,97.8034,100.4768,31.0465,0.958,69.512,25.856,14.356,11.5,4.196,33
2018,98.7218,100.4059,31.4939,0.911,68.327,26.579,15.019,11.56,4.198,33
2019,99.5795,100.3238,31.9506,0.819,65.282,27.786,15.573,12.214,4.154,33
2020,100.335,100.2399,32.4243,0.693,62.23,28.817,16.167,12.65,2.084,33
2021,100.9392,100.1369,32.89,0.509,61.176,37.055,20.717,16.337,2.084,33
2022,101.4655,100.0228,33.3359,0.531,60.517,36.834,20.494,16.34,3.85,33
2015,300.7271,91.4312,23.9629,0.315,115.153,44.23,25.337,18.892,-51.282,42
2016,301.6655,91.3452,24.3007,0.308,110.186,43.438,25.256,18.181,-47.499,42
2017,302.4447,91.2336,24.6746,0.208,106.787,43.135,25.224,17.911,-50.616,42
2018,302.9123,91.1151,25.0715,0.101,104.224,43.729,25.187,18.542,-54.158,42
2019,303.0993,91.0228,25.4739,0.022,103.547,46.999,25.924,21.075,-55.143,42
2020,303.7032,90.9608,25.8708,0.375,102.067,53.231,29.292,23.939,-25.214,42
2021,304.7378,90.9059,26.2689,0.305,101.405,54.803,29.992,24.811,-27.343,42
2022,305.8104,90.8634,26.6832,0.398,100.313,51.878,28.233,23.646,-23.249,42
2015,149.3198,98.1582,20.145,1.779,414.042,81.279,46.237,35.042,-48.162,52
2016,152.025,98.146,20.4385,1.812,416.628,82.176,46.654,35.521,-39.266,52
2017,154.71,98.1372,20.7397,1.69,411.557,83.252,47.073,36.179,-48.049,52
2018,157.2431,98.1319,21.0498,1.559,403.834,84.289,47.281,37.008,-56.884,52
2019,159.6336,98.1333,21.3749,1.46,391.582,83.814,46.55,37.264,-58.095,52
2020,162.0261,98.1042,21.7227,1.515,378.935,92.707,53.998,38.709,-23.142,52
2021,164.3196,98.037,22.0737,1.297,372.146,114.597,65.207,49.39,-29.118,52
2022,166.5165,97.9797,22.4178,1.359,372.335,120.781,67.174,53.607,-9.128,52
2015,85.2128,102.2649,21.2645,1.791,211.541,38.56,21.784,16.776,-6.512,55
2016,86.7374,102.2332,21.6266,1.756,212.388,39.587,22.343,17.244,-6.685,55
2017,88.2597,102.1996,21.9916,1.724,213.413,40.652,22.952,17.7,-6.782,55
2018,89.7817,102.1637,22.3575,1.696,214.499,41.704,23.559,18.145,-6.768,55
2019,91.3034,102.1262,22.7241,1.666,215.469,42.992,24.256,18.736,-6.55,55
2020,92.7972,102.0803,23.0844,1.58,216.208,50.064,28.239,21.826,-6.199,55
2021,94.2328,102.0257,23.432,1.491,216.645,57.654,32.161,25.493,-5.779,55
2022,95.6494,101.9717,23.7777,1.493,217.59,56.396,31.483,24.913,-5.374,55
2015,61.3245,95.9228,26.7411,1.128,2159.314,721.944,406.562,315.383,-82.173,85
2016,62.0234,95.9052,27.1437,1.138,2116.264,765.905,430.794,335.111,33.094,85
2017,62.6971,95.8764,27.5409,1.023,2081.548,812.498,457.319,355.179,-12.438,85
2018,63.2967,95.8257,27.9678,0.881,2042.458,850.431,479.796,370.635,-99.43,85
2019,63.8435,95.7575,28.3714,0.84,1965.139,867.074,491.736,375.338,-47.764,85
2020,64.3095,95.6166,28.6986,0.616,1961.267,1175.636,690.814,484.821,-9.949,85
2021,64.6703,95.3849,29.0097,0.504,1882.362,1191.718,713.518,478.2,-52.649,85
2022,65.0781,95.2316,29.3867,0.753,1866.399,855.022,480.241,374.782,-51.399,85
2015,52.34,97.1401,22.5071,1.433,143.872,29.251,16.38,12.871,-24.359,95
2016,53.0932,97.1509,22.8404,1.424,143.755,29.656,16.526,13.129,-23.081,95
2017,53.8518,97.1644,23.179,1.413,143.399,29.983,16.662,13.321,-21.841,95
2018,54.6139,97.1766,23.5214,1.397,142.87,30.313,16.881,13.432,-20.739,95
2019,55.3758,97.1813,23.8667,1.374,142.181,30.875,17.339,13.536,-19.733,95
2020,56.1401,97.1633,24.2028,1.367,141.324,38.555,21.787,16.768,-10.384,95
2021,56.9265,97.1429,24.5397,1.415,140.589,33.308,18.666,14.642,-10.384,95
2022,57.7397,97.1396,24.8934,1.422,139.164,32.359,18.113,14.246,-8.0,95
2015,53.3467,100.3372,27.2398,1.74,79.495,19.268,10.99,8.278,8.648,102
2016,54.2801,100.3094,27.4959,1.729,79.22,19.72,11.259,8.461,10.109,102
2017,55.2201,100.2812,27.7552,1.705,79.014,20.234,11.565,8.67,11.059,102
2018,56.1529,100.2486,28.0209,1.645,78.255,20.849,11.908,8.941,11.13,102
2019,57.0599,100.2115,28.2976,1.56,77.044,21.641,12.302,9.339,10.623,102
2020,57.8939,100.1559,28.5708,1.344,76.898,24.662,14.154,10.508,5.473,102
2021,58.6606,100.0818,28.8293,1.288,76.933,26.382,15.055,11.326,5.473,102
2022,59.4333,100.0109,29.0813,1.329,76.637,26.004,14.753,11.25,7.967,102
2015,15.4943,97.9299,29.8973,0.993,750.29,326.265,171.986,154.279,5.522,5
2016,15.6416,97.9665,30.0878,0.9,734.548,346.954,181.225,165.73,5.215,5
2017,15.7799,98.0066,30.2914,0.862,713.799,338.78,175.852,162.928,4.926,5
2018,15.9085,98.0395,30.5244,0.761,674.273,340.946,178.069,162.876,4.69,5
2019,16.0274,98.0578,30.7813,0.728,661.385,340.033,178.586,161.447,4.478,5
2020,16.1315,98.0561,31.0438,0.567,635.978,383.131,202.693,180.438,2.344,5
2021,16.2177,98.0444,31.3016,0.5,629.391,405.428,212.609,192.819,2.344,5
2022,16.3014,98.0457,31.5665,0.529,627.741,390.865,203.278,187.588,3.886,5
2015,24.5495,96.9564,30.3138,0.832,3021.946,1319.93,737.466,582.464,4.764,19
2016,24.7495,96.8869,30.739,0.791,2905.301,1351.923,763.529,588.395,82.589,19
2017,24.9463,96.818,31.1642,0.794,2952.133,1353.694,753.573,600.12,56.362,19
2018,25.1451,96.7628,31.5818,0.794,2969.862,1369.336,759.636,609.701,67.934,19
2019,25.3385,96.7089,31.9986,0.739,2886.359,1391.436,770.531,620.904,69.186,19
2020,25.5076,96.6447,32.4154,0.592,2787.294,1581.43,872.334,709.097,56.88,19
2021,25.6428,96.5666,32.8167,0.465,2760.958,1784.239,977.027,807.212,20.376,19
2022,25.7609,96.4889,33.2087,0.454,2723.266,1752.232,955.048,797.184,6.425,19
2015,23.7334,98.4648,33.2756,1.02,235.699,109.199,58.036,51.163,55.709,28
2016,24.0172,98.4635,33.5755,1.357,228.821,110.03,57.842,52.188,126.525,28
2017,24.3954,98.4891,33.826,1.764,221.468,112.09,57.399,54.691,214.697,28
2018,24.8374,98.526,34.0435,1.827,221.872,117.566,60.968,56.599,237.358,28
2019,25.2864,98.5538,34.2654,1.756,224.35,120.1,62.342,57.758,230.162,28
2020,25.6328,98.5556,34.5404,0.97,227.821,139.021,73.645,65.375,98.439,28
2021,25.8889,98.5421,34.8546,1.018,229.116,144.326,75.524,68.801,113.709,28
2022,26.0358,98.5348,35.2457,0.115,230.824,141.368,73.622,67.746,-66.85,28
2015,41.9331,97.5889,28.5193,0.955,734.664,243.633,136.964,106.669,-41.064,30
2016,42.3836,97.5526,28.9314,1.181,730.565,248.057,138.68,109.378,79.978,30
2017,43.0295,97.5384,29.3149,1.839,726.008,252.689,140.463,112.226,415.618,30
2018,43.8529,97.5353,29.6736,1.952,727.649,260.364,144.941,115.423,494.364,30
2019,44.6632,97.5252,30.0377,1.712,733.94,270.504,151.165,119.339,395.803,30
2020,45.3246,97.474,30.4097,1.232,733.491,335.656,191.26,144.396,229.437,30
2021,45.846,97.3715,30.7725,1.057,730.203,397.649,226.497,171.151,211.978,30
2022,46.1641,97.2515,31.171,0.328,723.264,384.947,217.744,167.203,-167.924,30
2015,65.2114,100.0562,25.4162,1.487,303.34,77.266,42.018,35.248,14.74,40
2016,66.1926,100.0568,25.7791,1.5,299.318,79.828,43.331,36.497,27.063,40
2017,67.2288,100.0534,26.1466,1.606,300.031,81.236,44.307,36.929,49.359,40
2018,68.5121,100.0427,26.5143,2.17,299.106,83.179,45.678,37.501,153.372,40
2019,69.8331,100.0207,26.8852,1.654,300.075,85.03,47.201,37.829,71.801,40
2020,70.819,99.9057,27.229,1.153,299.338,132.366,78.442,53.924,35.894,40
2021,71.661,99.7299,27.5533,1.21,298.989,119.463,70.066,49.396,35.894,40
2022,72.4795,99.6474,27.9257,1.062,298.666,87.35,47.874,39.476,-20.206,40
2015,15.2745,101.1542,23.7299,1.428,138.768,33.698,18.919,14.779,-16.833,103
2016,15.4937,101.1034,24.0564,1.422,139.71,33.876,19.112,14.765,-16.734,103
2017,15.7132,101.052,24.3824,1.392,139.763,34.651,19.466,15.185,-16.628,103
2018,15.9306,101.0021,24.707,1.356,139.766,35.931,20.12,15.811,-16.47,103
2019,16.1449,100.9491,25.0308,1.317,139.138,36.847,20.686,16.16,-16.27,103
2020,16.3642,100.8885,25.3479,1.38,138.721,39.177,22.095,17.083,-8.23,103
2021,16.5746,100.8007,25.6352,1.177,138.365,51.237,28.913,22.324,-8.23,103
2022,16.7648,100.6961,25.8983,1.106,137.96,50.471,28.468,22.003,-12.499,103
2015,23.992,98.1897,26.6827,1.245,577.568,197.692,106.976,90.716,2.462,104
2016,24.3208,98.2388,26.9213,1.476,575.208,196.432,106.353,90.079,80.725,104
2017,24.6901,98.285,27.1638,1.537,576.461,194.79,105.933,88.857,104.242,104
2018,25.1576,98.2757,27.4286,2.208,579.697,195.538,107.049,88.489,326.831,104
2019,25.6427,98.2575,27.6944,1.617,591.025,196.738,108.833,87.905,136.558,104
2020,26.0176,98.1798,27.9571,1.288,593.207,243.717,140.468,103.249,79.456,104
2021,26.3384,98.089,28.1961,1.164,593.523,269.05,147.073,121.976,68.012,104
2022,26.5995,98.049,28.446,0.81,592.156,255.755,137.326,118.429,-60.652,104
2015,3.6889,100.1774,26.8009,1.024,11.017,4.156,2.353,1.803,-0.976,125
2016,3.7273,100.0213,26.9987,1.043,11.005,4.039,2.264,1.775,-0.91,125
2017,3.7664,99.8339,27.2004,1.046,11.031,3.923,2.201,1.722,-0.948,125
2018,3.8059,99.6525,27.4034,1.038,11.038,4.013,2.259,1.753,-0.862,125
2019,3.8481,99.5255,27.595,1.168,11.049,4.238,2.386,1.852,0.203,125
2020,3.8914,99.4238,27.7755,1.074,11.1,4.273,2.4,1.873,-0.313,125
2021,3.9294,99.2814,27.9245,0.868,11.133,5.315,2.946,2.37,-0.492,125
2022,3.9618,99.101,28.0497,0.776,11.123,5.342,2.952,2.391,-1.0,125
2015,19.6472,93.4313,34.018,0.344,48.408,32.549,16.388,16.161,-4.156,138
2016,19.7104,93.5189,34.154,0.299,46.58,32.88,16.416,16.464,-3.506,138
2017,19.7591,93.613,34.3154,0.195,43.05,33.281,16.507,16.774,-3.09,138
2018,19.7871,93.7032,34.5105,0.088,39.773,33.805,16.745,17.06,-2.963,138
2019,19.795,93.7762,34.7346,-0.008,37.107,34.484,17.208,17.276,-2.902,138
2020,19.7989,93.8519,34.9908,0.048,35.457,32.343,15.862,16.481,-1.486,138
2021,19.7826,93.9281,35.219,-0.213,35.892,41.681,20.659,21.022,-1.486,138
2022,19.7625,93.9896,35.4486,0.01,35.668,33.82,16.841,16.979,-1.5,138
2015,3.9294,98.4761,39.6233,0.95,371.094,264.204,133.408,130.796,232.738,25
2016,3.9714,98.4886,39.7346,1.172,369.376,266.688,135.533,131.155,320.494,25
2017,4.0198,98.5408,39.7851,1.254,373.611,276.434,140.858,135.575,361.274,25
2018,4.0727,98.6388,39.79,1.359,369.002,283.619,144.291,139.327,417.974,25
2019,4.1263,98.7273,39.8057,1.256,363.393,284.005,145.351,138.655,391.914,25
2020,4.1666,98.7639,39.9362,0.689,370.506,304.741,156.855,147.886,195.181,25
2021,4.1959,98.7757,40.162,0.712,373.728,297.242,153.457,143.785,195.181,25
2022,4.2288,98.7919,40.3812,0.85,376.188,297.812,152.829,144.982,248.586,25
2015,3.1007,98.6596,36.2549,1.501,305.209,157.076,80.319,76.756,209.466,7
2016,3.1495,98.5197,36.2452,1.626,309.448,158.305,81.582,76.723,242.184,7
2017,3.2009,98.4439,36.2569,1.61,311.698,160.643,82.712,77.931,244.875,7
2018,3.2515,98.4198,36.3079,1.529,320.272,158.724,82.282,76.442,220.307,7
2019,3.3007,98.4401,36.4283,1.475,305.145,166.979,86.17,80.809,235.86,7
2020,3.3415,98.5027,36.6594,0.981,296.417,162.601,81.587,81.015,117.929,7
2021,3.3741,98.5782,36.9535,0.966,298.496,166.082,83.139,82.943,117.929,7
2022,3.4075,98.6288,37.2382,1.002,300.246,177.939,92.357,85.582,139.991,7
2015,17.3293,96.2572,36.317,1.68,59.977,30.037,15.299,14.739,47.165,94
2016,17.6219,96.4972,36.1968,1.668,58.476,30.614,15.555,15.059,50.012,94
2017,17.9169,96.7186,36.1213,1.653,60.564,30.918,15.811,15.107,48.815,94
2018,18.2653,97.0931,36.12,2.193,56.905,31.234,15.948,15.286,80.419,94
2019,18.7202,97.7836,36.2195,2.721,63.079,31.55,16.214,15.337,103.392,94
2020,19.1056,98.2209,36.3623,1.369,63.13,32.068,16.624,15.444,38.22,94
2021,19.3646,98.2605,36.5018,1.324,63.557,33.869,17.584,16.285,38.22,94
2022,19.5743,98.2927,36.6992,0.833,64.103,33.895,17.6,16.295,12.999,94
