Year,Happiness Rank,Happiness Score,Standard Error,Economy (GDP per Capita),Family,Health (Life Expectancy),Freedom,Trust (Government Corruption),Generosity,Dystopia Residual,Country_ID
2015,1.0,7.587,0.03411,1.39651,1.34951,0.94143,0.66557,0.41978,0.29678,2.51738,127
2015,2.0,7.561,0.04884,1.30232,1.40223,0.94784,0.62877,0.14145,0.4363,2.70201,57
2015,3.0,7.527,0.03328,1.32548,1.36058,0.87464,0.64938,0.48357,0.34139,2.49204,37
2015,4.0,7.522,0.0388,1.459,1.33095,0.88521,0.66973,0.36503,0.34699,2.46531,99
2015,5.0,7.427,0.03553,1.32629,1.32261,0.90563,0.63297,0.32957,0.45811,2.45176,25
2015,6.0,7.406,0.0314,1.29025,1.31826,0.88911,0.64169,0.41372,0.23351,2.61955,45
2015,7.0,7.378,0.02799,1.32944,1.28017,0.89284,0.61576,0.31814,0.4761,2.4657,93
2015,8.0,7.364,0.03157,1.33171,1.28907,0.91087,0.6598,0.43844,0.36262,2.37119,126
2015,9.0,7.286,0.03371,1.25018,1.31967,0.90837,0.63938,0.42922,0.47501,2.26425,94
2015,10.0,7.284,0.04083,1.33358,1.30923,0.93156,0.65124,0.35637,0.43562,2.26646,7
2015,11.0,7.278,0.0347,1.22857,1.22393,0.91387,0.41319,0.07785,0.33172,3.08854,62
2015,12.0,7.226,0.04454,0.95578,1.23788,0.86027,0.63376,0.10583,0.25497,3.17728,33
2015,13.0,7.2,0.03751,1.33723,1.29704,0.89042,0.62433,0.18676,0.33088,2.5332,8
2015,14.0,7.187,0.04176,1.02054,0.91451,0.81444,0.48181,0.21312,0.14074,3.60214,85
2015,16.0,6.983,0.04076,0.98124,1.23287,0.69702,0.49049,0.17521,0.14574,3.26001,19
2015,17.0,6.946,0.03499,1.56391,1.21963,0.91894,0.61583,0.37798,0.28034,1.96961,77
2015,18.0,6.94,0.03676,1.33596,1.36948,0.89533,0.61777,0.28703,0.45901,1.9757,61
2015,19.0,6.937,0.03595,1.30782,1.28566,0.89667,0.5845,0.2254,0.2225,2.41484,13
2015,20.0,6.901,0.03729,1.42727,1.12575,0.80925,0.64157,0.38583,0.26428,2.24743,136
2015,21.0,6.867,0.01866,1.26637,1.28548,0.90943,0.59625,0.32067,0.51912,1.96994,137
2015,22.0,6.853,0.05335,1.36011,1.08182,0.76276,0.63274,0.32524,0.21542,2.47489,100
2015,24.0,6.798,0.0378,1.52186,1.02,1.02525,0.54252,0.4921,0.31105,1.88501,116
2015,25.0,6.786,0.0491,1.06353,1.1985,0.79661,0.5421,0.0927,0.24434,2.84848,102
2015,26.0,6.75,0.01848,1.32792,1.29937,0.89186,0.61477,0.21843,0.28214,2.11569,49
2015,27.0,6.67,0.058,1.10715,1.12447,0.85857,0.44132,0.12869,0.33363,2.67585,28
2015,28.0,6.611,0.06257,1.69042,1.0786,0.79733,0.6404,0.52208,0.32573,1.55674,109
2015,29.0,6.575,0.03512,1.27778,1.26038,0.94579,0.55011,0.20646,0.12332,2.21126,46
2015,30.0,6.574,0.04612,1.05351,1.24823,0.78723,0.44974,0.08484,0.11451,2.836,5
2015,32.0,6.485,0.04539,1.06166,1.2089,0.8116,0.60362,0.24558,0.2324,2.32142,138
2015,33.0,6.477,0.05051,0.91861,1.24018,0.69077,0.53466,0.0512,0.18401,2.85737,30
2015,34.0,6.455,0.03557,0.9669,1.26504,0.7385,0.55664,0.03187,0.5763,2.31945,129
2015,35.0,6.411,0.04633,1.39541,1.08393,0.72025,0.31048,0.32524,0.13706,2.43872,112
2015,36.0,6.329,0.03468,1.23011,1.31379,0.95562,0.45951,0.06398,0.18227,2.12367,122
2015,37.0,6.302,0.04206,1.2074,1.30203,0.88721,0.60365,0.13586,0.51752,1.6488,82
2015,39.0,6.295,0.04456,1.55422,1.16594,0.72492,0.55499,0.25609,0.16228,1.87634,69
2015,40.0,6.269,0.09811,0.99534,0.972,0.6082,0.59657,0.13633,0.16991,2.79094,125
2015,41.0,6.168,0.10895,1.21183,1.18354,0.61483,0.55884,0.0114,0.31844,2.26882,131
2015,42.0,6.13,0.05618,0.76454,1.02507,0.67737,0.4035,0.11776,0.10692,3.035,42
2015,43.0,6.123,0.05224,0.74553,1.04356,0.64425,0.57733,0.09472,0.27489,2.74255,52
2015,44.0,6.003,0.04361,0.63244,1.34043,0.59772,0.65821,0.30826,0.22837,2.23741,139
2015,45.0,5.995,0.04267,1.16891,1.26999,0.78902,0.31751,0.03431,0.16893,2.24639,117
2015,46.0,5.987,0.03581,1.27074,1.25712,0.99111,0.49615,0.1806,0.10705,1.68435,65
2015,48.0,5.975,0.04528,0.86402,0.99903,0.79075,0.48574,0.1809,0.11541,2.53942,40
2015,49.0,5.96,0.05412,1.32376,1.21624,0.74716,0.45492,0.306,0.17362,1.73797,10
2015,50.0,5.948,0.03914,1.25114,1.19777,0.95446,0.26236,0.02901,0.22823,2.02518,63
2015,53.0,5.878,0.04563,0.75985,1.30477,0.66098,0.53899,0.08242,0.3424,2.18896,103
2015,54.0,5.855,0.04114,1.12254,1.12241,0.64368,0.51649,0.08454,0.11827,2.24729,67
2015,55.0,5.848,0.04251,1.18498,1.27385,0.87337,0.60855,0.03787,0.25328,1.61583,118
2015,56.0,5.833,0.03843,1.14723,1.25745,0.73128,0.21342,0.01031,0.02641,2.44649,76
2015,57.0,5.828,0.05371,0.59325,1.14184,0.74314,0.55475,0.19317,0.27815,2.32407,95
2015,58.0,5.824,0.04615,0.90019,0.97459,0.73017,0.41496,0.05989,0.14982,2.5945,104
2015,59.0,5.813,0.03938,1.03192,1.23289,0.73608,0.37938,0.1909,0.11046,2.1309,12
2015,60.0,5.791,0.04263,1.12555,1.27948,0.77903,0.53122,0.04212,0.16759,1.86565,106
2015,61.0,5.77,0.0433,1.12486,1.07023,0.72394,0.53024,0.10501,0.33075,1.88541,80
2015,62.0,5.759,0.04394,1.08254,0.79624,0.78805,0.25883,0.0243,0.05444,2.75414,34
2015,63.0,5.754,0.07832,1.13145,1.11862,0.7038,0.41668,0.11023,0.18295,2.09066,75
2015,65.0,5.709,0.13693,0.81038,1.15102,0.68741,0.50442,0.02299,0.2123,2.32038,64
2015,67.0,5.689,0.0558,1.20813,0.89318,0.92356,0.40672,0.06146,0.30638,1.88931,35
2015,68.0,5.605,0.05099,0.93929,1.07772,0.61766,0.28579,0.17383,0.07822,2.43209,3
2015,70.0,5.548,0.04175,0.95847,1.22668,0.53886,0.4761,0.30844,0.16979,1.86984,133
2015,71.0,5.477,0.07197,1.00761,0.98521,0.7095,0.56066,0.07521,0.37744,1.76145,84
2015,73.0,5.429,0.04013,1.15174,1.22791,0.77361,0.44888,0.15184,0.0868,1.58782,43
2015,74.0,5.399,0.02596,0.82827,1.08708,0.63793,0.46611,0.0,0.51535,1.86399,59
2015,77.0,5.286,0.03823,0.47428,1.15115,0.65088,0.43477,0.04232,0.3003,2.2327,70
2015,78.0,5.268,0.04192,0.65435,0.90432,0.16007,0.34334,0.0403,0.27233,2.89319,97
2015,79.0,5.253,0.03225,0.77042,1.10395,0.57407,0.53206,0.15445,0.47998,1.63794,16
2015,80.0,5.212,0.03363,1.02389,0.93793,0.64045,0.3703,0.16065,0.07799,2.00073,9
2015,81.0,5.194,0.03726,0.59543,0.41411,0.51466,0.12102,0.10464,0.33671,3.10709,101
2015,82.0,5.192,0.04524,0.90198,1.05392,0.69639,0.40661,0.14293,0.11053,1.87996,66
2015,82.0,5.192,0.05235,0.97438,0.90557,0.72521,0.1826,0.14296,0.1614,2.10017,87
2015,84.0,5.14,0.02424,0.89012,0.94675,0.81658,0.51697,0.02781,0.08185,1.8604,29
2015,85.0,5.129,0.06988,0.47038,0.91612,0.29924,0.48827,0.12468,0.19591,2.6343,141
2015,86.0,5.124,0.06607,1.04345,0.88588,0.7689,0.35068,0.00649,0.13748,1.93129,110
2015,87.0,5.123,0.04864,0.92053,1.00964,0.74836,0.20107,0.02617,0.19231,2.025,114
2015,88.0,5.102,0.04802,1.15991,1.13935,0.87519,0.51469,0.01078,0.13719,1.26462,107
2015,89.0,5.098,0.0464,1.11312,1.09562,0.72437,0.29671,0.06332,0.18226,1.62215,71
2015,90.0,5.073,0.04934,0.70532,1.03516,0.58114,0.62545,0.12279,0.24991,1.7536,105
2015,92.0,5.013,0.0342,0.73479,0.64095,0.60954,0.41691,0.08546,0.07172,2.45373,88
2015,94.0,4.971,0.07896,0.08308,1.02626,0.09131,0.34037,0.15603,0.22269,3.05137,89
2015,95.0,4.959,0.05013,0.87867,0.80434,0.81325,0.35733,0.06413,0.14272,1.89894,2
2015,96.0,4.949,0.06913,0.83223,0.91916,0.79081,0.09245,0.00227,0.24808,2.06367,17
2015,97.0,4.898,0.09438,0.37545,1.04103,0.07612,0.31767,0.12504,0.16388,2.79832,73
2015,98.0,4.885,0.07446,0.89537,1.17202,0.66825,0.57672,0.14234,0.21684,1.21305,39
2015,100.0,4.874,0.03313,0.82819,1.3006,0.60268,0.43626,0.02666,0.3323,1.34759,86
2015,102.0,4.857,0.05062,1.15406,0.92933,0.88213,0.07699,0.01397,0.0,1.80101,51
2015,103.0,4.839,0.04337,1.02564,0.80001,0.83947,0.33916,0.04582,0.21854,1.57059,72
2015,104.0,4.8,0.06107,1.12094,1.20215,0.75905,0.32112,0.02758,0.128,1.24074,56
2015,105.0,4.788,0.05648,0.59532,0.95348,0.6951,0.40148,0.06825,0.23027,1.84408,55
2015,106.0,4.786,0.03198,0.39047,0.85563,0.57379,0.47216,0.15072,0.22974,2.11399,128
2015,107.0,4.739,0.03589,0.88113,0.60429,0.73793,0.26268,0.06358,0.06431,2.12466,132
2015,109.0,4.694,0.03077,0.39753,0.43106,0.60164,0.4082,0.12569,0.21222,2.51767,11
2015,111.0,4.681,0.04412,0.79907,1.20278,0.6739,0.25123,0.02961,0.15275,1.5714,135
2015,112.0,4.677,0.05232,0.98549,0.81889,0.60237,0.0,0.13788,0.17922,1.95335,60
2015,113.0,4.642,0.04585,0.92049,1.18468,0.27688,0.33207,0.08884,0.11973,1.71956,120
2015,114.0,4.633,0.04742,0.54558,0.67954,0.40132,0.42342,0.04355,0.23087,2.30919,50
2015,115.0,4.61,0.0429,0.271,1.03276,0.33475,0.25861,0.08079,0.18987,2.44191,142
2015,116.0,4.571,0.11068,0.0712,0.78968,0.34201,0.28531,0.06232,0.24362,2.77729,74
2015,117.0,4.565,0.02043,0.64499,0.38174,0.51529,0.39786,0.08492,0.26475,2.27513,58
2015,118.0,4.55,0.0674,0.52107,1.01404,0.36878,0.10081,0.1466,0.19062,2.20857,124
2015,119.0,4.518,0.07331,0.26673,0.74302,0.38847,0.24425,0.17175,0.46187,2.24173,54
2015,121.0,4.514,0.03607,0.35997,0.86449,0.56874,0.38282,0.05907,0.32296,1.95637,92
2015,122.0,4.512,0.0378,0.19073,0.60406,0.44055,0.4345,0.15048,0.24325,2.44876,44
2015,123.0,4.507,0.07068,0.33024,0.95571,0.0,0.4084,0.08786,0.21488,2.51009,115
2015,124.0,4.436,0.03947,0.45407,0.86908,0.35874,0.24232,0.17461,0.219,2.11773,83
2015,125.0,4.419,0.04734,0.36471,0.99876,0.41435,0.42215,0.05839,0.37542,1.78555,68
2015,126.0,4.369,0.08096,0.44025,0.59207,0.36291,0.46074,0.28105,0.18093,2.05125,38
2015,127.0,4.35,0.04763,0.76821,0.77711,0.7299,0.19847,0.039,0.07855,1.75873,6
2015,128.0,4.332,0.04934,0.99355,1.10464,0.04776,0.49495,0.12474,0.10461,1.46181,18
2015,129.0,4.307,0.04351,0.27108,0.70905,0.48246,0.44017,0.19034,0.79588,1.41805,90
2015,130.0,4.297,0.04221,0.7419,0.38562,0.72926,0.40577,0.38331,0.05547,1.59541,48
2015,131.0,4.292,0.0613,0.01604,0.41134,0.22562,0.43054,0.06977,0.33128,2.80791,79
2015,132.0,4.271,0.03751,0.83524,1.01905,0.70806,0.53726,0.09179,0.40828,0.67108,123
2015,133.0,4.252,0.04678,0.4225,0.88767,0.23402,0.49309,0.05786,0.20618,1.95071,24
2015,134.0,4.218,0.04828,1.01216,1.10614,0.76649,0.30587,0.00872,0.11921,0.89991,20
2015,135.0,4.194,0.0326,0.8818,0.747,0.61712,0.17288,0.06324,0.11291,1.59927,41
2015,136.0,4.077,0.04367,0.54649,0.68093,0.40064,0.35571,0.07854,0.09131,1.92313,140
2015,137.0,4.033,0.04758,0.75778,0.8604,0.16683,0.10384,0.07122,0.12344,1.94939,4
2015,138.0,3.995,0.05602,0.26074,1.03526,0.20583,0.38857,0.12352,0.18798,1.79293,81
2015,140.0,3.956,0.04797,0.23906,0.79273,0.36315,0.22917,0.199,0.17441,1.95812,31
2015,141.0,3.931,0.04317,0.21102,1.13299,0.33861,0.45727,0.07267,0.29066,1.42766,134
2015,142.0,3.904,0.03608,0.36498,0.97619,0.4354,0.36772,0.10713,0.20843,1.44395,113
2015,143.0,3.896,0.04547,1.06024,0.90528,0.43372,0.31914,0.11091,0.06822,0.99895,47
2015,144.0,3.845,0.03602,0.0694,0.77265,0.29707,0.47692,0.15639,0.19387,1.87877,96
2015,145.0,3.819,0.05069,0.46038,0.62736,0.61114,0.66246,0.07247,0.40359,0.98195,23
2015,147.0,3.681,0.03633,0.20824,0.66801,0.46721,0.19184,0.08124,0.21333,1.851,78
2015,148.0,3.678,0.06112,0.0785,0.0,0.06699,0.48879,0.08289,0.23835,2.7223,26
2015,149.0,3.667,0.0383,0.34193,0.76062,0.1501,0.23501,0.05269,0.18386,1.94296,27
2015,150.0,3.656,0.0359,0.17417,0.46475,0.24009,0.37725,0.12139,0.28657,1.99172,53
2015,152.0,3.587,0.04324,0.25812,0.85188,0.27125,0.39493,0.12832,0.21747,1.46494,21
2015,153.0,3.575,0.03084,0.31982,0.30285,0.30335,0.23414,0.09719,0.3651,1.9521,1
2015,154.0,3.465,0.03464,0.22208,0.7737,0.42864,0.59201,0.55191,0.22628,0.67042,111
2015,155.0,3.34,0.03656,0.28665,0.35386,0.3191,0.4845,0.0801,0.1826,1.63328,15
2015,157.0,2.905,0.08658,0.0153,0.41587,0.22396,0.1185,0.10062,0.19727,1.83302,22
2015,158.0,2.839,0.06727,0.20868,0.13995,0.28443,0.36453,0.10731,0.16681,1.56726,130
2016,1.0,7.526,,1.44178,1.16374,0.79504,0.57941,0.44453,0.36171,2.73939,37
2016,2.0,7.509,,1.52733,1.14524,0.86303,0.58557,0.41203,0.28083,2.69463,127
2016,3.0,7.501,,1.42666,1.18326,0.86733,0.56624,0.14975,0.47678,2.83137,57
2016,4.0,7.498,,1.57744,1.1269,0.79579,0.59609,0.35776,0.37895,2.66465,99
2016,5.0,7.413,,1.40598,1.13464,0.81091,0.57104,0.41004,0.25492,2.82596,45
2016,6.0,7.404,,1.44015,1.0961,0.8276,0.5737,0.31329,0.44834,2.70485,25
2016,7.0,7.339,,1.46468,1.02912,0.81231,0.55211,0.29927,0.47416,2.70749,93
2016,8.0,7.334,,1.36066,1.17278,0.83096,0.58147,0.41904,0.49401,2.47553,94
2016,9.0,7.313,,1.44443,1.10476,0.8512,0.56837,0.32331,0.47407,2.5465,7
2016,10.0,7.291,,1.45181,1.08764,0.83121,0.58218,0.40867,0.38254,2.54734,126
2016,11.0,7.267,,1.33766,0.99537,0.84917,0.36432,0.08728,0.32288,3.31029,62
2016,12.0,7.119,,1.45038,1.08383,0.80565,0.54355,0.21348,0.32865,2.69343,8
2016,14.0,7.087,,1.06879,1.02152,0.76146,0.55225,0.10547,0.22553,3.35168,33
2016,15.0,7.039,,1.35943,1.08113,0.77758,0.46823,0.12275,0.22202,3.0076,108
2016,16.0,6.994,,1.44787,1.09774,0.81487,0.53466,0.28551,0.30452,2.50931,49
2016,17.0,6.952,,1.08754,1.03938,0.61415,0.40425,0.14166,0.15776,3.50733,19
2016,18.0,6.929,,1.42539,1.05249,0.81959,0.51354,0.26248,0.2424,2.61355,13
2016,19.0,6.907,,1.48341,1.16157,0.81455,0.54008,0.29754,0.44963,2.15988,61
2016,20.0,6.871,,1.69752,1.03999,0.84542,0.5487,0.35329,0.27571,2.11055,77
2016,21.0,6.778,,1.11508,0.7146,0.71143,0.37709,0.18355,0.11735,3.55906,85
2016,22.0,6.739,,1.64555,0.86758,0.94719,0.4877,0.46987,0.32706,1.99375,116
2016,23.0,6.725,,1.40283,1.08672,0.80991,0.50036,0.27399,0.50156,2.14999,137
2016,24.0,6.705,,1.2167,0.90587,0.81883,0.37789,0.11451,0.31595,2.95505,28
2016,25.0,6.701,,1.18306,0.98912,0.70835,0.48927,0.08423,0.2418,3.00559,102
2016,26.0,6.65,,1.15137,1.06612,0.69711,0.42284,0.07296,0.10989,3.12985,5
2016,28.0,6.573,,1.57352,0.87114,0.72993,0.56215,0.35561,0.26591,2.21507,136
2016,29.0,6.545,,1.18157,1.03143,0.72183,0.54388,0.21394,0.18056,2.67139,138
2016,30.0,6.488,,1.30782,1.09879,0.80315,0.54994,0.17554,0.56237,1.99032,82
2016,31.0,6.481,,1.03032,1.02169,0.59659,0.44735,0.05399,0.15626,3.17471,30
2016,32.0,6.478,,1.39488,1.00508,0.83795,0.46562,0.17808,0.1216,2.4744,46
2016,33.0,6.474,,1.0893,1.04477,0.64915,0.49553,0.02833,0.58696,2.5796,129
2016,34.0,6.379,,1.48953,0.84829,0.59267,0.37904,0.30008,0.15457,2.61482,112
2016,36.0,6.375,,1.82427,0.87964,0.71723,0.56679,0.48049,0.32388,1.58224,109
2016,37.0,6.361,,1.34253,1.12945,0.87896,0.37545,0.06137,0.17665,2.39663,122
2016,38.0,6.355,,1.05266,0.83309,0.61804,0.21006,0.16157,0.07044,3.40904,3
2016,39.0,6.324,,0.83454,0.87119,0.54039,0.50379,0.08701,0.28808,3.19863,52
2016,40.0,6.269,,1.09686,0.77866,0.50933,0.52234,0.12692,0.16665,3.06852,125
2016,41.0,6.239,,1.61714,0.87758,0.63569,0.43166,0.23669,0.15965,2.28085,69
2016,42.0,6.218,,1.44024,0.94397,0.65696,0.47375,0.25772,0.17147,2.27405,10
2016,43.0,6.168,,1.32572,0.98569,0.52608,0.48453,0.01241,0.31935,2.51394,131
2016,45.0,6.078,,1.27973,1.08268,0.70367,0.23391,0.02947,0.13837,2.61065,117
2016,46.0,6.068,,0.8737,0.80975,0.596,0.37269,0.10613,0.08877,3.22134,42
2016,47.0,6.005,,1.25142,0.88025,0.62366,0.39031,0.09081,0.41474,2.35384,80
2016,48.0,5.992,,0.69384,0.89521,0.65213,0.46582,0.16292,0.29773,2.82428,95
2016,49.0,5.987,,0.73591,1.1681,0.50163,0.60848,0.28333,0.34326,2.34638,139
2016,50.0,5.977,,1.35495,1.04167,0.85102,0.18827,0.02556,0.16684,2.34918,63
2016,51.0,5.976,,0.97306,0.85974,0.68613,0.4027,0.18037,0.10074,2.77366,40
2016,52.0,5.956,,0.87616,0.68655,0.45569,0.51231,0.10771,0.23684,3.08039,14
2016,53.0,5.921,,1.38007,1.06054,0.91491,0.46761,0.18985,0.10224,1.80584,65
2016,54.0,5.919,,1.22943,0.95544,0.57386,0.4052,0.11132,0.15011,2.49325,67
2016,57.0,5.835,,1.24585,1.04685,0.69058,0.4519,0.055,0.14443,2.20035,106
2016,60.0,5.813,,1.2692,1.06411,0.64674,0.18929,0.0182,0.02025,2.60525,76
2016,61.0,5.802,,1.13062,1.04993,0.63104,0.29091,0.17457,0.13942,2.38582,12
2016,63.0,5.768,,1.29947,1.05613,0.79151,0.53164,0.03635,0.25738,1.79522,118
2016,64.0,5.743,,0.99602,0.81255,0.62994,0.37502,0.05292,0.14527,2.73117,104
2016,65.0,5.658,,1.08017,1.03817,0.44006,0.37408,0.28467,0.22567,2.21489,133
2016,66.0,5.648,,1.14372,0.75695,0.66189,0.46145,0.05203,0.36951,2.20223,84
2016,67.0,5.615,,1.06688,0.95076,0.52304,0.40672,0.10339,0.17087,2.39374,75
2016,68.0,5.56,,1.21788,0.95025,0.63952,0.27996,0.0889,0.17445,2.20859,71
2016,69.0,5.546,,1.31857,0.70697,0.8488,0.29507,0.05228,0.27906,2.04497,35
2016,70.0,5.538,,0.89373,1.11111,0.58295,0.46235,0.07396,0.25296,2.16091,103
2016,71.0,5.528,,1.1697,0.72803,0.67602,0.36712,0.00679,0.12889,2.45184,110
2016,72.0,5.517,,1.27964,1.05163,0.68098,0.41511,0.18519,0.08423,1.81985,43
2016,73.0,5.51,,0.89333,0.96372,0.59469,0.43597,0.04294,0.22245,2.35682,64
2016,74.0,5.488,,1.18649,0.60809,0.70524,0.23907,0.04002,0.18434,2.52462,34
2016,76.0,5.44,,0.0,0.33613,0.11466,0.56778,0.3118,0.27225,3.83772,119
2016,79.0,5.314,,0.95104,0.87625,0.49374,0.39237,0.00322,0.56521,2.03171,59
2016,80.0,5.303,,0.99673,0.86216,0.60712,0.36023,0.13297,0.14262,2.20142,66
2016,81.0,5.291,,1.12373,0.76042,0.54504,0.35327,0.17914,0.0564,2.2735,9
2016,82.0,5.279,,0.81217,0.87877,0.47036,0.54854,0.11757,0.21674,2.23484,105
2016,83.0,5.245,,1.0278,0.79381,0.73561,0.44012,0.02745,0.04959,2.17087,29
2016,84.0,5.196,,0.8527,0.90836,0.49759,0.46074,0.1616,0.48546,1.82916,16
2016,85.0,5.185,,0.56044,0.95434,0.55449,0.40212,0.04762,0.38432,2.28136,70
2016,86.0,5.177,,1.03437,0.81329,0.6458,0.15718,0.04339,0.20737,2.27539,114
2016,87.0,5.163,,0.93383,0.64367,0.70766,0.09511,0.0,0.29889,2.48406,17
2016,88.0,5.161,,1.07838,0.74173,0.63533,0.15111,0.12721,0.17191,2.25531,87
2016,89.0,5.155,,1.02787,0.99496,0.57669,0.52259,0.12372,0.21286,1.69626,39
2016,90.0,5.151,,0.84058,0.38595,0.59471,0.25646,0.08404,0.04053,2.94891,88
2016,91.0,5.145,,1.24142,0.93164,0.67608,0.1977,0.04472,0.099,1.95473,56
2016,92.0,5.132,,0.68816,0.26135,0.40306,0.14622,0.1388,0.31185,3.18286,101
2016,93.0,5.129,,1.12268,0.64184,0.76171,0.26228,0.03061,0.23693,2.07339,72
2016,94.0,5.123,,1.27607,0.94367,0.79363,0.44727,0.01521,0.11691,1.53015,107
2016,98.0,5.045,,0.97724,0.43165,0.59577,0.23553,0.0817,0.03936,2.68413,132
2016,99.0,5.033,,1.24886,0.75473,0.80029,0.05822,0.04127,0.0,2.12944,51
2016,100.0,4.996,,0.48835,0.75602,0.53119,0.43408,0.13509,0.25998,2.39106,128
2016,101.0,4.907,,0.98853,1.08983,0.55469,0.35972,0.03285,0.34539,1.53586,86
2016,103.0,4.875,,0.75216,0.64498,0.05108,0.27854,0.0305,0.23219,2.88586,97
2016,104.0,4.871,,0.69429,0.75596,0.58383,0.26755,0.06906,0.2044,2.29551,55
2016,106.0,4.795,,0.61202,0.6376,0.23573,0.42662,0.11479,0.17866,2.58991,141
2016,107.0,4.793,,0.44626,0.69699,0.50073,0.37012,0.07008,0.3816,2.32694,92
2016,109.0,4.655,,0.9553,0.50163,0.73007,0.31866,0.05301,0.1684,1.92816,2
2016,110.0,4.643,,0.54177,0.24749,0.52989,0.39778,0.12583,0.19132,2.60904,11
2016,111.0,4.635,,0.36485,0.628,0.0,0.30685,0.08196,0.23897,3.01402,115
2016,112.0,4.575,,1.07474,0.59205,0.51076,0.24856,0.13636,0.19589,1.81657,60
2016,113.0,4.574,,0.93287,0.70362,0.34745,0.48614,0.10398,0.07795,1.92198,91
2016,114.0,4.513,,0.52497,0.62542,0.12698,0.42736,0.06126,0.2268,2.5198,24
2016,115.0,4.508,,0.29283,0.37932,0.34578,0.36703,0.1717,0.29522,2.65614,44
2016,116.0,4.459,,1.02416,0.96053,0.18611,0.42483,0.08415,0.13656,1.64227,120
2016,117.0,4.415,,0.97318,0.84783,0.62007,0.50817,0.07964,0.46978,0.91681,123
2016,118.0,4.404,,0.74036,0.29247,0.45091,0.40285,0.08722,0.25028,2.18032,58
2016,119.0,4.395,,0.34112,0.69981,0.3988,0.42692,0.20243,0.81971,1.50655,90
2016,120.0,4.362,,0.95395,0.49813,0.52116,0.18847,0.10393,0.12706,1.96895,41
2016,121.0,4.36,,0.86086,0.62477,0.64083,0.14037,0.03616,0.07793,1.97864,6
2016,122.0,4.356,,0.52267,0.7624,0.30147,0.40576,0.06686,0.41328,1.88326,68
2016,123.0,4.324,,0.87287,1.01413,0.58628,0.12859,0.01829,0.20363,1.50066,135
2016,124.0,4.276,,0.63107,0.49353,0.29681,0.40973,0.0326,0.21203,2.2002,50
2016,126.0,4.252,,0.83792,0.19249,0.64035,0.32461,0.3188,0.06786,1.87031,48
2016,128.0,4.219,,0.44314,0.77416,0.40457,0.31056,0.11681,0.19103,1.97861,113
2016,129.0,4.217,,1.11306,0.92542,0.67806,0.21219,0.00615,0.12793,1.15377,20
2016,130.0,4.201,,0.61391,0.84142,0.28639,0.1268,0.17955,0.22686,1.9263,83
2016,131.0,4.193,,0.35041,0.71478,0.1595,0.25429,0.08582,0.18503,2.4427,142
2016,132.0,4.156,,0.08709,0.147,0.29364,0.4143,0.07564,0.30968,2.82859,79
2016,133.0,4.139,,0.63069,0.81928,0.29759,0.0,0.10039,0.18077,2.10995,124
2016,134.0,4.121,,1.15851,0.72368,0.3494,0.28098,0.09314,0.06244,1.45332,47
2016,135.0,4.073,,0.31292,0.86333,0.16347,0.27544,0.13647,0.21064,2.11087,81
2016,136.0,4.028,,0.34097,0.29561,0.27494,0.12072,0.14476,0.47958,2.37116,54
2016,137.0,3.974,,1.09426,0.89186,0.34752,0.44089,0.10769,0.12425,0.96741,18
2016,138.0,3.956,,0.27509,0.60323,0.29981,0.15412,0.18437,0.1827,2.25632,31
2016,140.0,3.907,,0.55604,0.5375,0.42494,0.58852,0.08092,0.40339,1.31573,23
2016,141.0,3.866,,0.84731,0.66366,0.04991,0.00589,0.08434,0.12071,2.09459,4
2016,142.0,3.856,,0.1327,0.6053,0.26162,0.38041,0.17176,0.2097,2.09469,96
2016,143.0,3.832,,0.39394,0.18519,0.15781,0.19662,0.13015,0.25899,2.50929,121
2016,144.0,3.763,,0.42214,0.63178,0.03824,0.12807,0.04952,0.18667,2.30637,27
2016,145.0,3.739,,0.31995,0.63054,0.21297,0.3337,0.12533,0.24353,1.87319,21
2016,145.0,3.739,,0.34719,0.90981,0.19625,0.43653,0.06442,0.27102,1.51416,134
2016,147.0,3.724,,0.57939,0.47493,0.31048,0.2287,0.05892,0.09821,1.97295,140
2016,148.0,3.695,,0.27954,0.46115,0.37109,0.13684,0.07506,0.2204,2.15075,78
2016,150.0,3.622,,0.10706,0.50353,0.23165,0.25748,0.04852,0.24063,2.23284,74
2016,151.0,3.607,,0.22415,0.3109,0.18829,0.30953,0.1192,0.29914,2.15604,53
2016,152.0,3.515,,0.32846,0.61586,0.31865,0.5432,0.50521,0.23552,0.96819,111
2016,153.0,3.484,,0.39499,0.10419,0.21028,0.39747,0.06681,0.2018,2.10812,15
2016,154.0,3.36,,0.38227,0.11037,0.17344,0.1643,0.07112,0.31268,2.14558,1
2016,155.0,3.303,,0.28123,0.0,0.24811,0.34678,0.11587,0.17517,2.1354,130
2016,157.0,2.905,,0.06831,0.23442,0.15747,0.0432,0.09419,0.2029,2.10404,22
2017,,,,,1.53352355957031,,0.635422587394714,,0.36201223731041,,99
2017,,,,,1.55112159252167,,0.626006722450256,,0.355280488729477,,37
2017,,,,,1.6105740070343,,0.627162635326385,,0.475540220737457,,57
2017,,,,,1.51691174507141,,0.620070576667786,,0.290549278259277,,127
2017,,,,,1.5402467250824,,0.617950856685638,,0.24548277258873,,45
2017,,,,,1.42893922328949,,0.585384488105774,,0.470489829778671,,93
2017,,,,,1.48134899139404,,0.611100912094116,,0.435539722442627,,25
2017,,,,,1.54819512367249,,0.614062130451202,,0.500005125999451,,94
2017,,,,,1.47816216945648,,0.612924098968506,,0.385399252176285,,126
2017,,,,,1.51004195213318,,0.601607382297516,,0.477699249982834,,7
2017,,,,,1.37628996372223,,0.405988603830338,,0.330082654953003,,62
2017,,,,,1.41640365123749,,0.580131649971008,,0.214613229036331,,33
2017,,,,,1.4599449634552,,0.567766189575195,,0.316472321748734,,8
2017,,,,,1.55823111534119,,0.573110342025757,,0.42785832285881,,61
2017,,,,,1.47252035140991,,0.562511384487152,,0.336269170045853,,49
2017,,,,,1.46231269836426,,0.539770722389221,,0.231503337621689,,13
2017,,,,,1.45758366584778,,0.59662789106369,,0.283180981874466,,77
2017,,,,,1.49646008014679,,0.508190035820007,,0.492774158716202,,137
2017,,,,,1.28402495384216,,0.376895278692245,,0.326662421226501,,28
2017,,,,,1.26641023159027,,0.60834527015686,,0.3609419465065,,136
2017,,,,,1.43130600452423,,0.437453746795654,,0.16234989464283,,19
2017,,,,,1.44045114517212,,0.494519203901291,,0.109457060694695,,5
2017,,,,,1.210862159729,,0.412730008363724,,0.120990432798862,,85
2017,,,,,1.35381436347961,,0.549840569496155,,0.345965981483459,,116
2017,,,,,1.48841166496277,,0.588767051696777,,0.574730575084686,,82
2017,,,,,1.41222786903381,,0.57939225435257,,0.175096929073334,,138
2017,,,,,1.25558519363403,,0.531310617923737,,0.283488392829895,,52
2017,,,,,1.37319254875183,,0.550026834011078,,0.21055693924427,,102
2017,,,,,1.38777685165405,,0.470222115516663,,0.129762306809425,,46
2017,,,,,1.42579245567322,,0.580200731754303,,0.572123110294342,,129
2017,,,,,1.53209090232849,,0.408781230449677,,0.190133571624756,,122
2017,,,,,1.27429687976837,,0.604130983352661,,0.330473870038986,,109
2017,,,,,1.4021829366684,,0.477487415075302,,0.149014472961426,,30
2017,,,,,1.28667759895325,,0.449750572443008,,0.147616013884544,,112
2017,,,,,1.3802285194397,,0.518630743026733,,0.325296461582184,,131
2017,,,,,1.25969874858856,,0.496337592601776,,0.228289797902107,,69
2017,,,,,1.50505924224854,,0.295817464590073,,0.136544480919838,,117
2017,,,,,1.32311046123505,,0.536746919155121,,0.172668486833572,,10
2017,,,,,1.28464603424072,,0.402264982461929,,0.416608929634094,,80
2017,,,,,1.28721570968628,,0.447551846504211,,0.301674216985703,,95
2017,,,,,1.28616881370544,,0.4551981985569,,0.150112465023994,,40
2017,,,,,1.18212509155273,,0.432452529668808,,0.0782579854130745,,42
2017,,,,,1.44571197032928,,0.520342111587524,,0.158465966582298,,106
2017,,,,,1.54896914958954,,0.658248662948608,,0.415983647108078,,139
2017,,,,,1.44492328166962,,0.256450712680817,,0.17278964817524,,63
2017,,,,,1.08141779899597,,0.547509372234344,,0.240015640854836,,14
2017,,,,,1.43633782863617,,0.505625545978546,,0.12057276815176,,65
2017,,,,,1.47351610660553,,0.234231784939766,,0.010164656676352,,76
2017,,,,,1.1462174654007,,0.233335807919502,,0.0694366469979286,,3
2017,,,,,1.40471494197845,,0.325707912445068,,0.153074786067009,,71
2017,,,,,1.15009129047394,,0.457003742456436,,0.133519917726517,,110
2017,,,,,1.49314916133881,,0.41827192902565,,0.24992498755455,,133
2017,,,,,1.38436901569366,,0.437454283237457,,0.201964423060417,,67
2017,,,,,1.45251882076263,,0.572575807571411,,0.242649093270302,,118
2017,,,,,1.21877038478851,,0.450002878904343,,0.126819714903831,,104
2017,,,,,1.20956099033356,,0.491247326135635,,0.360933750867844,,84
2017,,,,,1.13136327266693,,0.355111539363861,,0.271254301071167,,35
2017,,,,,1.47667109966278,,0.479131430387497,,0.0988908112049103,,43
2017,,,,,1.44494521617889,,0.295400261878967,,0.15513750910759,,12
2017,,,,,1.35756433010101,,0.465733230113983,,0.152073666453362,,75
2017,,,,,1.50728487968445,,0.473507791757584,,0.224150657653809,,103
2017,,,,,1.25391757488251,,0.585214674472809,,0.193513423204422,,105
2017,,,,,1.25818979740143,,0.208715528249741,,0.220125883817673,,114
2017,,,,,1.23908889293671,,0.418421149253845,,0.172170460224152,,66
2017,,,,,1.34313309192657,,0.175863519310951,,0.0784016624093056,,56
2017,,,,,1.36821806430817,,0.474307239055634,,0.233818337321281,,64
2017,,,,,0.96798300743103,,0.255772292613983,,0.248002976179123,,34
2017,,,,,1.16083741188049,,0.472787708044052,,0.0288068410009146,,29
2017,,,,,0.672690689563751,,0.23521526157856,,0.315446019172668,,101
2017,,,,,1.27444469928741,,0.443323463201523,,0.611704587936401,,59
2017,,,,,1.23837649822235,,0.194989055395126,,0.197911024093628,,87
2017,,,,,0.774864435195923,,0.408158332109451,,0.0322099551558495,,88
2017,,,,,1.15240025520325,,0.398155838251114,,0.0452693402767181,,9
2017,,,,,1.40241670608521,,0.55258983373642,,0.186967849731445,,39
2017,,,,,1.23941457271576,,0.0957312509417534,,0.0,,51
2017,,,,,1.12962424755096,,0.288515985012054,,0.264450758695602,,72
2017,,,,,1.36704301834106,,0.498465299606323,,0.0951027125120163,,107
2017,,,,,1.0693359375,,0.204403176903725,,0.328867495059967,,17
2017,,,,,1.14394497871399,,0.348079860210419,,0.236188873648643,,55
2017,,,,,0.721151351928711,,0.602126955986023,,0.291631311178207,,119
2017,,,,,1.21577048301697,,0.394952565431595,,0.230947196483612,,97
2017,,,,,1.27146327495575,,0.471566706895828,,0.248997643589973,,128
2017,,,,,1.34012651443481,,0.501537680625916,,0.474054545164108,,16
2017,,,,,1.39423859119415,,0.454943388700485,,0.42858037352562,,70
2017,,,,,1.17928326129913,,0.440305948257446,,0.394096165895462,,92
2017,,,,,1.4930112361908,,0.394143968820572,,0.338464230298996,,86
2017,,,,,1.38478863239288,,0.479246735572815,,0.139362379908562,,120
2017,,,,,0.868351459503174,,0.289680689573288,,0.0496933571994305,,132
2017,,,,,0.997471392154694,,0.282110154628754,,0.128631442785263,,41
2017,,,,,1.43437945842743,,0.289231717586517,,0.113177694380283,,20
2017,,,,,0.984136044979095,,0.318697690963745,,0.293040901422501,,115
2017,,,,,0.946018218994141,,0.430388748645782,,0.236298456788063,,24
2017,,,,,0.803685247898102,,0.381498634815216,,0.201312944293022,,2
2017,,,,,0.735131740570068,,0.478356659412384,,0.172255352139473,,11
2017,,,,,1.0984708070755,,0.520303547382355,,0.0771337449550629,,91
2017,,,,,1.06795072555542,,0.452763766050339,,0.444860309362411,,68
2017,,,,,0.870701014995575,,0.480791091918945,,0.322228103876114,,89
2017,,,,,1.12323594093323,,0.514492034912109,,0.838075160980225,,90
2017,,,,,1.17969191074371,,0.377922266721725,,0.183468893170357,,113
2017,,,,,1.00318729877472,,0.461603492498398,,0.249580144882202,,141
2017,,,,,0.978613197803497,,0.288555532693863,,0.19963726401329,,60
2017,,,,,1.1556202173233,,0.312328577041626,,0.0437853783369064,,47
2017,,,,,0.86466920375824,,0.408842742443085,,0.312650740146637,,44
2017,,,,,1.25997638702393,,0.561213254928589,,0.490863561630249,,123
2017,,,,,1.00748372077942,,0.198303267359734,,0.0834880918264389,,6
2017,,,,,0.754372596740723,,0.469987004995346,,0.231538489460945,,58
2017,,,,,1.2720308303833,,0.0960980430245399,,0.201870024204254,,83
2017,,,,,0.57061493396759,,0.309410035610199,,0.0540088154375553,,48
2017,,,,,1.28147339820862,,0.306613743305206,,0.183354198932648,,81
2017,,,,,1.00623834133148,,0.633375823497772,,0.385922968387604,,23
2017,,,,,1.21400856971741,,0.0149958552792668,,0.182317450642586,,124
2017,,,,,0.873664736747742,,0.423026293516159,,0.256923943758011,,50
2017,,,,,1.39453756809235,,0.122974775731564,,0.270061463117599,,135
2017,,,,,1.12982773780823,,0.443185955286026,,0.325766056776047,,134
2017,,,,,1.04328000545502,,0.324367851018906,,0.250864684581757,,21
2017,,,,,0.993025004863739,,0.36365869641304,,0.228673845529556,,96
2017,,,,,0.512568831443787,,0.466914653778076,,0.287170469760895,,79
2017,,,,,0.953855872154236,,0.16234202682972,,0.216113850474358,,27
2017,,,,,1.08309590816498,,0.336384207010269,,0.189143493771553,,142
2017,,,,,1.19009518623352,,0.390661299228668,,0.157497271895409,,73
2017,,,,,1.10441195964813,,0.0,,0.097926490008831,,4
2017,,,,,0.581543326377869,,0.106179520487785,,0.311870932579041,,1
2017,,,,,1.22155499458313,,0.505196332931519,,0.0993484482169151,,18
2017,,,,,0.435299843549728,,0.425962775945663,,0.207948461174965,,15
2017,,,,,0.913020372390747,,0.189196765422821,,0.208732530474663,,78
2017,,,,,0.640449821949005,,0.0303698573261499,,0.489203780889511,,54
2017,,,,,0.93538224697113,,0.249463722109795,,0.104125209152699,,140
2017,,,,,0.601323127746582,,0.147062435746193,,0.285670816898346,,121
2017,,,,,0.872117936611176,,0.332881182432175,,0.26654988527298,,74
2017,,,,,0.791244685649872,,0.348587512969971,,0.264815092086792,,53
2017,,,,,0.431882530450821,,0.38042613863945,,0.196896150708199,,130
2017,,,,,0.945707023143768,,0.581843852996826,,0.252756029367447,,111
2017,,,,,0.629793584346771,,0.0599007532000542,,0.204435184597969,,22
2017,,,,,0.0,,0.270842045545578,,0.280876487493515,,26
2022,,,,,,,,,,,45
2022,,,,,,,,,,,37
2022,,,,,,,,,,,57
2022,,,,,,,,,,,127
2022,,,,,,,,,,,93
2022,,,,,,,,,,,126
2022,,,,,,,,,,,99
2022,,,,,,,,,,,62
2022,,,,,,,,,,,94
2022,,,,,,,,,,,8
2022,,,,,,,,,,,7
2022,,,,,,,,,,,61
2022,,,,,,,,,,,49
2022,,,,,,,,,,,25
2022,,,,,,,,,,,137
2022,,,,,,,,,,,36
2022,,,,,,,,,,,13
2022,,,,,,,,,,,46
2022,,,,,,,,,,,10
2022,,,,,,,,,,,118
2022,,,,,,,,,,,33
2022,,,,,,,,,,,136
2022,,,,,,,,,,,112
2022,,,,,,,,,,,116
2022,,,,,,,,,,,110
2022,,,,,,,,,,,122
2022,,,,,,,,,,,138
2022,,,,,,,,,,,63
2022,,,,,,,,,,,82
2022,,,,,,,,,,,76
2022,,,,,,,,,,,117
2022,,,,,,,,,,,43
2022,,,,,,,,,,,102
2022,,,,,,,,,,,19
2022,,,,,,,,,,,67
2022,,,,,,,,,,,35
2022,,,,,,,,,,,71
2022,,,,,,,,,,,114
2022,,,,,,,,,,,28
2022,,,,,,,,,,,95
2022,,,,,,,,,,,85
2022,,,,,,,,,,,34
2022,,,,,,,,,,,106
2022,,,,,,,,,,,42
2022,,,,,,,,,,,56
2022,,,,,,,,,,,84
2022,,,,,,,,,,,139
2022,,,,,,,,,,,65
2022,,,,,,,,,,,55
2022,,,,,,,,,,,107
2022,,,,,,,,,,,5
2022,,,,,,,,,,,51
2022,,,,,,,,,,,105
2022,,,,,,,,,,,129
2022,,,,,,,,,,,64
2022,,,,,,,,,,,70
2022,,,,,,,,,,,30
2022,,,,,,,,,,,17
2022,,,,,,,,,,,86
2022,,,,,,,,,,,39
2022,,,,,,,,,,,80
2022,,,,,,,,,,,29
2022,,,,,,,,,,,103
2022,,,,,,,,,,,104
2022,,,,,,,,,,,87
2022,,,,,,,,,,,40
2022,,,,,,,,,,,6
2022,,,,,,,,,,,128
2022,,,,,,,,,,,92
2022,,,,,,,,,,,20
2022,,,,,,,,,,,59
2022,,,,,,,,,,,98
2022,,,,,,,,,,,2
2022,,,,,,,,,,,120
2022,,,,,,,,,,,11
2022,,,,,,,,,,,3
2022,,,,,,,,,,,135
2022,,,,,,,,,,,32
2022,,,,,,,,,,,88
2022,,,,,,,,,,,89
2022,,,,,,,,,,,24
2022,,,,,,,,,,,113
2022,,,,,,,,,,,48
2022,,,,,,,,,,,47
2022,,,,,,,,,,,60
2022,,,,,,,,,,,53
2022,,,,,,,,,,,50
2022,,,,,,,,,,,21
2022,,,,,,,,,,,23
2022,,,,,,,,,,,15
2022,,,,,,,,,,,134
2022,,,,,,,,,,,97
2022,,,,,,,,,,,68
2022,,,,,,,,,,,132
2022,,,,,,,,,,,101
2022,,,,,,,,,,,81
2022,,,,,,,,,,,91
2022,,,,,,,,,,,90
2022,,,,,,,,,,,123
2022,,,,,,,,,,,41
2022,,,,,,,,,,,44
2022,,,,,,,,,,,66
2022,,,,,,,,,,,130
2022,,,,,,,,,,,58
2022,,,,,,,,,,,141
2022,,,,,,,,,,,79
2022,,,,,,,,,,,115
2022,,,,,,,,,,,142
2022,,,,,,,,,,,72
2022,,,,,,,,,,,1
